day,original_day,date,demand,price,revenue,dow,month,year,snap,event_name,event_type,is_event,is_weekend
0,1,2011-01-29,107,1.25,133.75,5,1,2011,False,,,False,True
1,2,2011-01-30,182,1.25,227.5,6,1,2011,False,,,False,True
2,3,2011-01-31,47,1.25,58.75,0,1,2011,False,,,False,False
3,4,2011-02-01,47,1.25,58.75,1,2,2011,True,,,False,False
4,5,2011-02-02,62,1.25,77.5,2,2,2011,True,,,False,False
5,6,2011-02-03,90,1.25,112.5,3,2,2011,True,,,False,False
6,7,2011-02-04,81,1.25,101.25,4,2,2011,True,,,False,False
7,8,2011-02-05,124,1.25,155.0,5,2,2011,True,,,False,True
8,9,2011-02-06,134,1.25,167.5,6,2,2011,True,SuperBowl,Sporting,True,True
9,10,2011-02-07,65,1.25,81.25,0,2,2011,True,,,False,False
10,11,2011-02-08,0,1.25,0.0,1,2,2011,True,,,False,False
11,12,2011-02-09,0,1.25,0.0,2,2,2011,True,,,False,False
12,13,2011-02-10,0,1.25,0.0,3,2,2011,True,,,False,False
13,14,2011-02-11,0,1.25,0.0,4,2,2011,False,,,False,False
14,15,2011-02-12,0,1.25,0.0,5,2,2011,False,,,False,True
15,16,2011-02-13,0,1.25,0.0,6,2,2011,False,,,False,True
16,17,2011-02-14,0,1.25,0.0,0,2,2011,False,ValentinesDay,Cultural,True,False
17,18,2011-02-15,0,1.25,0.0,1,2,2011,False,,,False,False
18,19,2011-02-16,0,1.25,0.0,2,2,2011,False,,,False,False
19,20,2011-02-17,0,1.25,0.0,3,2,2011,False,,,False,False
20,21,2011-02-18,0,1.25,0.0,4,2,2011,False,,,False,False
21,22,2011-02-19,0,1.25,0.0,5,2,2011,False,,,False,True
22,23,2011-02-20,0,1.25,0.0,6,2,2011,False,,,False,True
23,24,2011-02-21,0,1.25,0.0,0,2,2011,False,PresidentsDay,National,True,False
24,25,2011-02-22,0,1.25,0.0,1,2,2011,False,,,False,False
25,26,2011-02-23,0,1.25,0.0,2,2,2011,False,,,False,False
26,27,2011-02-24,0,1.25,0.0,3,2,2011,False,,,False,False
27,28,2011-02-25,0,1.25,0.0,4,2,2011,False,,,False,False
28,29,2011-02-26,0,1.25,0.0,5,2,2011,False,,,False,True
29,30,2011-02-27,0,1.25,0.0,6,2,2011,False,,,False,True
30,31,2011-02-28,0,1.25,0.0,0,2,2011,False,,,False,False
31,32,2011-03-01,0,1.25,0.0,1,3,2011,True,,,False,False
32,33,2011-03-02,0,1.25,0.0,2,3,2011,True,,,False,False
33,34,2011-03-03,0,1.25,0.0,3,3,2011,True,,,False,False
34,35,2011-03-04,0,1.25,0.0,4,3,2011,True,,,False,False
35,36,2011-03-05,0,1.25,0.0,5,3,2011,True,,,False,True
36,37,2011-03-06,0,1.25,0.0,6,3,2011,True,,,False,True
37,38,2011-03-07,0,1.25,0.0,0,3,2011,True,,,False,False
38,39,2011-03-08,0,1.25,0.0,1,3,2011,True,,,False,False
39,40,2011-03-09,0,1.25,0.0,2,3,2011,True,LentStart,Religious,True,False
40,41,2011-03-10,0,1.25,0.0,3,3,2011,True,,,False,False
41,42,2011-03-11,0,1.25,0.0,4,3,2011,False,,,False,False
42,43,2011-03-12,0,1.25,0.0,5,3,2011,False,,,False,True
43,44,2011-03-13,0,1.25,0.0,6,3,2011,False,,,False,True
44,45,2011-03-14,0,1.25,0.0,0,3,2011,False,,,False,False
45,46,2011-03-15,0,1.25,0.0,1,3,2011,False,,,False,False
46,47,2011-03-16,0,1.25,0.0,2,3,2011,False,LentWeek2,Religious,True,False
47,48,2011-03-17,0,1.25,0.0,3,3,2011,False,StPatricksDay,Cultural,True,False
48,49,2011-03-18,0,1.25,0.0,4,3,2011,False,,,False,False
49,50,2011-03-19,0,1.25,0.0,5,3,2011,False,,,False,True
50,51,2011-03-20,0,1.25,0.0,6,3,2011,False,Purim End,Religious,True,True
51,52,2011-03-21,0,1.25,0.0,0,3,2011,False,,,False,False
52,53,2011-03-22,0,1.25,0.0,1,3,2011,False,,,False,False
53,54,2011-03-23,0,1.25,0.0,2,3,2011,False,,,False,False
54,55,2011-03-24,0,1.25,0.0,3,3,2011,False,,,False,False
55,56,2011-03-25,0,1.25,0.0,4,3,2011,False,,,False,False
56,57,2011-03-26,0,1.25,0.0,5,3,2011,False,,,False,True
57,58,2011-03-27,0,1.25,0.0,6,3,2011,False,,,False,True
58,59,2011-03-28,0,1.25,0.0,0,3,2011,False,,,False,False
59,60,2011-03-29,0,1.25,0.0,1,3,2011,False,,,False,False
60,61,2011-03-30,0,1.25,0.0,2,3,2011,False,,,False,False
61,62,2011-03-31,0,1.25,0.0,3,3,2011,False,,,False,False
62,63,2011-04-01,0,1.25,0.0,4,4,2011,True,,,False,False
63,64,2011-04-02,0,1.25,0.0,5,4,2011,True,,,False,True
64,65,2011-04-03,0,1.25,0.0,6,4,2011,True,,,False,True
65,66,2011-04-04,0,1.25,0.0,0,4,2011,True,,,False,False
66,67,2011-04-05,0,1.25,0.0,1,4,2011,True,,,False,False
67,68,2011-04-06,0,1.25,0.0,2,4,2011,True,,,False,False
68,69,2011-04-07,0,1.25,0.0,3,4,2011,True,,,False,False
69,70,2011-04-08,0,1.25,0.0,4,4,2011,True,,,False,False
70,71,2011-04-09,0,1.25,0.0,5,4,2011,True,,,False,True
71,72,2011-04-10,0,1.25,0.0,6,4,2011,True,,,False,True
72,73,2011-04-11,0,1.25,0.0,0,4,2011,False,,,False,False
73,74,2011-04-12,0,1.25,0.0,1,4,2011,False,,,False,False
74,75,2011-04-13,0,1.25,0.0,2,4,2011,False,,,False,False
75,76,2011-04-14,0,1.25,0.0,3,4,2011,False,,,False,False
76,77,2011-04-15,0,1.25,0.0,4,4,2011,False,,,False,False
77,78,2011-04-16,0,1.25,0.0,5,4,2011,False,,,False,True
78,79,2011-04-17,0,1.25,0.0,6,4,2011,False,,,False,True
79,80,2011-04-18,0,1.25,0.0,0,4,2011,False,,,False,False
80,81,2011-04-19,0,1.25,0.0,1,4,2011,False,,,False,False
81,82,2011-04-20,0,1.25,0.0,2,4,2011,False,,,False,False
82,83,2011-04-21,0,1.25,0.0,3,4,2011,False,,,False,False
83,84,2011-04-22,0,1.25,0.0,4,4,2011,False,,,False,False
84,85,2011-04-23,0,1.25,0.0,5,4,2011,False,,,False,True
85,86,2011-04-24,0,1.25,0.0,6,4,2011,False,OrthodoxEaster,Religious,True,True
86,87,2011-04-25,0,1.25,0.0,0,4,2011,False,,,False,False
87,88,2011-04-26,0,1.25,0.0,1,4,2011,False,Pesach End,Religious,True,False
88,89,2011-04-27,0,1.25,0.0,2,4,2011,False,,,False,False
89,90,2011-04-28,0,1.25,0.0,3,4,2011,False,,,False,False
90,91,2011-04-29,0,1.25,0.0,4,4,2011,False,,,False,False
91,92,2011-04-30,0,1.25,0.0,5,4,2011,False,,,False,True
92,93,2011-05-01,0,1.25,0.0,6,5,2011,True,,,False,True
93,94,2011-05-02,0,1.25,0.0,0,5,2011,True,,,False,False
94,95,2011-05-03,0,1.25,0.0,1,5,2011,True,,,False,False
95,96,2011-05-04,0,1.25,0.0,2,5,2011,True,,,False,False
96,97,2011-05-05,0,1.25,0.0,3,5,2011,True,Cinco De Mayo,Cultural,True,False
97,98,2011-05-06,0,1.25,0.0,4,5,2011,True,,,False,False
98,99,2011-05-07,0,1.25,0.0,5,5,2011,True,,,False,True
99,100,2011-05-08,0,1.25,0.0,6,5,2011,True,Mother's day,Cultural,True,True
100,101,2011-05-09,0,1.25,0.0,0,5,2011,True,,,False,False
101,102,2011-05-10,0,1.25,0.0,1,5,2011,True,,,False,False
102,103,2011-05-11,0,1.25,0.0,2,5,2011,False,,,False,False
103,104,2011-05-12,0,1.25,0.0,3,5,2011,False,,,False,False
104,105,2011-05-13,0,1.25,0.0,4,5,2011,False,,,False,False
105,106,2011-05-14,0,1.25,0.0,5,5,2011,False,,,False,True
106,107,2011-05-15,0,1.25,0.0,6,5,2011,False,,,False,True
107,108,2011-05-16,0,1.25,0.0,0,5,2011,False,,,False,False
108,109,2011-05-17,0,1.25,0.0,1,5,2011,False,,,False,False
109,110,2011-05-18,0,1.25,0.0,2,5,2011,False,,,False,False
110,111,2011-05-19,0,1.25,0.0,3,5,2011,False,,,False,False
111,112,2011-05-20,0,1.25,0.0,4,5,2011,False,,,False,False
112,113,2011-05-21,0,1.25,0.0,5,5,2011,False,,,False,True
113,114,2011-05-22,0,1.25,0.0,6,5,2011,False,,,False,True
114,115,2011-05-23,0,1.25,0.0,0,5,2011,False,,,False,False
115,116,2011-05-24,0,1.25,0.0,1,5,2011,False,,,False,False
116,117,2011-05-25,0,1.25,0.0,2,5,2011,False,,,False,False
117,118,2011-05-26,0,1.25,0.0,3,5,2011,False,,,False,False
118,119,2011-05-27,0,1.25,0.0,4,5,2011,False,,,False,False
119,120,2011-05-28,0,1.25,0.0,5,5,2011,False,,,False,True
120,121,2011-05-29,0,1.25,0.0,6,5,2011,False,,,False,True
121,122,2011-05-30,0,1.25,0.0,0,5,2011,False,MemorialDay,National,True,False
122,123,2011-05-31,0,1.25,0.0,1,5,2011,False,NBAFinalsStart,Sporting,True,False
123,124,2011-06-01,0,1.25,0.0,2,6,2011,True,,,False,False
124,125,2011-06-02,0,1.25,0.0,3,6,2011,True,,,False,False
125,126,2011-06-03,0,1.25,0.0,4,6,2011,True,,,False,False
126,127,2011-06-04,0,1.25,0.0,5,6,2011,True,,,False,True
127,128,2011-06-05,0,1.25,0.0,6,6,2011,True,,,False,True
128,129,2011-06-06,0,1.25,0.0,0,6,2011,True,,,False,False
129,130,2011-06-07,0,1.25,0.0,1,6,2011,True,,,False,False
130,131,2011-06-08,0,1.25,0.0,2,6,2011,True,,,False,False
131,132,2011-06-09,0,1.25,0.0,3,6,2011,True,,,False,False
132,133,2011-06-10,0,1.25,0.0,4,6,2011,True,,,False,False
133,134,2011-06-11,0,1.25,0.0,5,6,2011,False,,,False,True
134,135,2011-06-12,0,1.25,0.0,6,6,2011,False,NBAFinalsEnd,Sporting,True,True
135,136,2011-06-13,0,1.25,0.0,0,6,2011,False,,,False,False
136,137,2011-06-14,0,1.25,0.0,1,6,2011,False,,,False,False
137,138,2011-06-15,0,1.25,0.0,2,6,2011,False,,,False,False
138,139,2011-06-16,0,1.25,0.0,3,6,2011,False,,,False,False
139,140,2011-06-17,0,1.25,0.0,4,6,2011,False,,,False,False
140,141,2011-06-18,0,1.25,0.0,5,6,2011,False,,,False,True
141,142,2011-06-19,0,1.25,0.0,6,6,2011,False,Father's day,Cultural,True,True
142,143,2011-06-20,0,1.25,0.0,0,6,2011,False,,,False,False
143,144,2011-06-21,0,1.25,0.0,1,6,2011,False,,,False,False
144,145,2011-06-22,0,1.25,0.0,2,6,2011,False,,,False,False
145,146,2011-06-23,0,1.25,0.0,3,6,2011,False,,,False,False
146,147,2011-06-24,0,1.25,0.0,4,6,2011,False,,,False,False
147,148,2011-06-25,0,1.25,0.0,5,6,2011,False,,,False,True
148,149,2011-06-26,0,1.25,0.0,6,6,2011,False,,,False,True
149,150,2011-06-27,0,1.25,0.0,0,6,2011,False,,,False,False
150,151,2011-06-28,0,1.25,0.0,1,6,2011,False,,,False,False
151,152,2011-06-29,0,1.25,0.0,2,6,2011,False,,,False,False
152,153,2011-06-30,0,1.25,0.0,3,6,2011,False,,,False,False
153,154,2011-07-01,0,1.25,0.0,4,7,2011,True,,,False,False
154,155,2011-07-02,0,1.25,0.0,5,7,2011,True,,,False,True
155,156,2011-07-03,0,1.25,0.0,6,7,2011,True,,,False,True
156,157,2011-07-04,0,1.25,0.0,0,7,2011,True,IndependenceDay,National,True,False
157,158,2011-07-05,0,1.25,0.0,1,7,2011,True,,,False,False
158,159,2011-07-06,0,1.25,0.0,2,7,2011,True,,,False,False
159,160,2011-07-07,0,1.25,0.0,3,7,2011,True,,,False,False
160,161,2011-07-08,0,1.25,0.0,4,7,2011,True,,,False,False
161,162,2011-07-09,0,1.25,0.0,5,7,2011,True,,,False,True
162,163,2011-07-10,0,1.25,0.0,6,7,2011,True,,,False,True
163,164,2011-07-11,0,1.25,0.0,0,7,2011,False,,,False,False
164,165,2011-07-12,0,1.25,0.0,1,7,2011,False,,,False,False
165,166,2011-07-13,0,1.25,0.0,2,7,2011,False,,,False,False
166,167,2011-07-14,0,1.25,0.0,3,7,2011,False,,,False,False
167,168,2011-07-15,0,1.25,0.0,4,7,2011,False,,,False,False
168,169,2011-07-16,0,1.25,0.0,5,7,2011,False,,,False,True
169,170,2011-07-17,0,1.25,0.0,6,7,2011,False,,,False,True
170,171,2011-07-18,0,1.25,0.0,0,7,2011,False,,,False,False
171,172,2011-07-19,0,1.25,0.0,1,7,2011,False,,,False,False
172,173,2011-07-20,0,1.25,0.0,2,7,2011,False,,,False,False
173,174,2011-07-21,0,1.25,0.0,3,7,2011,False,,,False,False
174,175,2011-07-22,0,1.25,0.0,4,7,2011,False,,,False,False
175,176,2011-07-23,0,1.25,0.0,5,7,2011,False,,,False,True
176,177,2011-07-24,0,1.25,0.0,6,7,2011,False,,,False,True
177,178,2011-07-25,0,1.25,0.0,0,7,2011,False,,,False,False
178,179,2011-07-26,0,1.25,0.0,1,7,2011,False,,,False,False
179,180,2011-07-27,0,1.25,0.0,2,7,2011,False,,,False,False
180,181,2011-07-28,0,1.25,0.0,3,7,2011,False,,,False,False
181,182,2011-07-29,0,1.25,0.0,4,7,2011,False,,,False,False
182,183,2011-07-30,0,1.25,0.0,5,7,2011,False,,,False,True
183,184,2011-07-31,0,1.25,0.0,6,7,2011,False,,,False,True
184,185,2011-08-01,0,1.25,0.0,0,8,2011,True,Ramadan starts,Religious,True,False
185,186,2011-08-02,0,1.25,0.0,1,8,2011,True,,,False,False
186,187,2011-08-03,0,1.25,0.0,2,8,2011,True,,,False,False
187,188,2011-08-04,0,1.25,0.0,3,8,2011,True,,,False,False
188,189,2011-08-05,0,1.25,0.0,4,8,2011,True,,,False,False
189,190,2011-08-06,0,1.25,0.0,5,8,2011,True,,,False,True
190,191,2011-08-07,0,1.25,0.0,6,8,2011,True,,,False,True
191,192,2011-08-08,0,1.25,0.0,0,8,2011,True,,,False,False
192,193,2011-08-09,0,1.25,0.0,1,8,2011,True,,,False,False
193,194,2011-08-10,0,1.25,0.0,2,8,2011,True,,,False,False
194,195,2011-08-11,0,1.25,0.0,3,8,2011,False,,,False,False
195,196,2011-08-12,0,1.25,0.0,4,8,2011,False,,,False,False
196,197,2011-08-13,0,1.25,0.0,5,8,2011,False,,,False,True
197,198,2011-08-14,0,1.25,0.0,6,8,2011,False,,,False,True
198,199,2011-08-15,0,1.25,0.0,0,8,2011,False,,,False,False
199,200,2011-08-16,0,1.25,0.0,1,8,2011,False,,,False,False
200,201,2011-08-17,0,1.25,0.0,2,8,2011,False,,,False,False
201,202,2011-08-18,0,1.25,0.0,3,8,2011,False,,,False,False
202,203,2011-08-19,0,1.25,0.0,4,8,2011,False,,,False,False
203,204,2011-08-20,0,1.25,0.0,5,8,2011,False,,,False,True
204,205,2011-08-21,0,1.25,0.0,6,8,2011,False,,,False,True
205,206,2011-08-22,0,1.25,0.0,0,8,2011,False,,,False,False
206,207,2011-08-23,0,1.25,0.0,1,8,2011,False,,,False,False
207,208,2011-08-24,0,1.25,0.0,2,8,2011,False,,,False,False
208,209,2011-08-25,0,1.25,0.0,3,8,2011,False,,,False,False
209,210,2011-08-26,0,1.25,0.0,4,8,2011,False,,,False,False
210,211,2011-08-27,0,1.25,0.0,5,8,2011,False,,,False,True
211,212,2011-08-28,0,1.25,0.0,6,8,2011,False,,,False,True
212,213,2011-08-29,0,1.25,0.0,0,8,2011,False,,,False,False
213,214,2011-08-30,0,1.25,0.0,1,8,2011,False,,,False,False
214,215,2011-08-31,0,1.25,0.0,2,8,2011,False,Eid al-Fitr,Religious,True,False
215,216,2011-09-01,0,1.25,0.0,3,9,2011,True,,,False,False
216,217,2011-09-02,0,1.25,0.0,4,9,2011,True,,,False,False
217,218,2011-09-03,0,1.25,0.0,5,9,2011,True,,,False,True
218,219,2011-09-04,0,1.25,0.0,6,9,2011,True,,,False,True
219,220,2011-09-05,0,1.25,0.0,0,9,2011,True,LaborDay,National,True,False
220,221,2011-09-06,0,1.25,0.0,1,9,2011,True,,,False,False
221,222,2011-09-07,0,1.25,0.0,2,9,2011,True,,,False,False
222,223,2011-09-08,0,1.25,0.0,3,9,2011,True,,,False,False
223,224,2011-09-09,0,1.25,0.0,4,9,2011,True,,,False,False
224,225,2011-09-10,0,1.25,0.0,5,9,2011,True,,,False,True
225,226,2011-09-11,0,1.25,0.0,6,9,2011,False,,,False,True
226,227,2011-09-12,0,1.25,0.0,0,9,2011,False,,,False,False
227,228,2011-09-13,0,1.25,0.0,1,9,2011,False,,,False,False
228,229,2011-09-14,0,1.25,0.0,2,9,2011,False,,,False,False
229,230,2011-09-15,0,1.25,0.0,3,9,2011,False,,,False,False
230,231,2011-09-16,0,1.25,0.0,4,9,2011,False,,,False,False
231,232,2011-09-17,0,1.28,0.0,5,9,2011,False,,,False,True
232,233,2011-09-18,0,1.28,0.0,6,9,2011,False,,,False,True
233,234,2011-09-19,0,1.28,0.0,0,9,2011,False,,,False,False
234,235,2011-09-20,0,1.28,0.0,1,9,2011,False,,,False,False
235,236,2011-09-21,0,1.28,0.0,2,9,2011,False,,,False,False
236,237,2011-09-22,0,1.28,0.0,3,9,2011,False,,,False,False
237,238,2011-09-23,145,1.28,185.6,4,9,2011,False,,,False,False
238,239,2011-09-24,126,1.28,161.28,5,9,2011,False,,,False,True
239,240,2011-09-25,100,1.28,128.0,6,9,2011,False,,,False,True
240,241,2011-09-26,106,1.28,135.68,0,9,2011,False,,,False,False
241,242,2011-09-27,80,1.28,102.4,1,9,2011,False,,,False,False
242,243,2011-09-28,130,1.28,166.4,2,9,2011,False,,,False,False
243,244,2011-09-29,60,1.28,76.8,3,9,2011,False,,,False,False
244,245,2011-09-30,156,1.28,199.68,4,9,2011,False,,,False,False
245,246,2011-10-01,202,1.28,258.56,5,10,2011,True,,,False,True
246,247,2011-10-02,26,1.28,33.28,6,10,2011,True,,,False,True
247,248,2011-10-03,51,1.28,65.28,0,10,2011,True,,,False,False
248,249,2011-10-04,124,1.28,158.72,1,10,2011,True,,,False,False
249,250,2011-10-05,133,1.28,170.24,2,10,2011,True,,,False,False
250,251,2011-10-06,44,1.28,56.32,3,10,2011,True,,,False,False
251,252,2011-10-07,128,1.28,163.84,4,10,2011,True,,,False,False
252,253,2011-10-08,168,1.28,215.04,5,10,2011,True,,,False,True
253,254,2011-10-09,146,1.28,186.88,6,10,2011,True,,,False,True
254,255,2011-10-10,51,1.28,65.28,0,10,2011,True,ColumbusDay,National,True,False
255,256,2011-10-11,176,1.28,225.28,1,10,2011,False,,,False,False
256,257,2011-10-12,96,1.28,122.88,2,10,2011,False,,,False,False
257,258,2011-10-13,100,1.28,128.0,3,10,2011,False,,,False,False
258,259,2011-10-14,105,1.28,134.4,4,10,2011,False,,,False,False
259,260,2011-10-15,122,1.28,156.16,5,10,2011,False,,,False,True
260,261,2011-10-16,112,1.28,143.36,6,10,2011,False,,,False,True
261,262,2011-10-17,68,1.28,87.04,0,10,2011,False,,,False,False
262,263,2011-10-18,121,1.28,154.88,1,10,2011,False,,,False,False
263,264,2011-10-19,106,1.28,135.68,2,10,2011,False,,,False,False
264,265,2011-10-20,104,1.28,133.12,3,10,2011,False,,,False,False
265,266,2011-10-21,270,1.28,345.6,4,10,2011,False,,,False,False
266,267,2011-10-22,187,1.28,239.36,5,10,2011,False,,,False,True
267,268,2011-10-23,252,1.28,322.56,6,10,2011,False,,,False,True
268,269,2011-10-24,138,1.28,176.64000000000001,0,10,2011,False,,,False,False
269,270,2011-10-25,223,1.28,285.44,1,10,2011,False,,,False,False
270,271,2011-10-26,100,1.28,128.0,2,10,2011,False,,,False,False
271,272,2011-10-27,141,1.28,180.48,3,10,2011,False,,,False,False
272,273,2011-10-28,134,1.28,171.52,4,10,2011,False,,,False,False
273,274,2011-10-29,254,1.28,325.12,5,10,2011,False,,,False,True
274,275,2011-10-30,225,1.28,288.0,6,10,2011,False,,,False,True
275,276,2011-10-31,132,1.28,168.96,0,10,2011,False,Halloween,Cultural,True,False
276,277,2011-11-01,215,1.28,275.2,1,11,2011,True,,,False,False
277,278,2011-11-02,128,1.28,163.84,2,11,2011,True,,,False,False
278,279,2011-11-03,100,1.28,128.0,3,11,2011,True,,,False,False
279,280,2011-11-04,120,1.28,153.6,4,11,2011,True,,,False,False
280,281,2011-11-05,143,1.28,183.04,5,11,2011,True,,,False,True
281,282,2011-11-06,150,1.28,192.0,6,11,2011,True,,,False,True
282,283,2011-11-07,82,1.28,104.96000000000001,0,11,2011,True,EidAlAdha,Religious,True,False
283,284,2011-11-08,101,1.28,129.28,1,11,2011,True,,,False,False
284,285,2011-11-09,157,1.28,200.96,2,11,2011,True,,,False,False
285,286,2011-11-10,146,1.28,186.88,3,11,2011,True,,,False,False
286,287,2011-11-11,166,1.28,212.48000000000002,4,11,2011,False,VeteransDay,National,True,False
287,288,2011-11-12,178,1.28,227.84,5,11,2011,False,,,False,True
288,289,2011-11-13,212,1.28,271.36,6,11,2011,False,,,False,True
289,290,2011-11-14,156,1.28,199.68,0,11,2011,False,,,False,False
290,291,2011-11-15,114,1.28,145.92000000000002,1,11,2011,False,,,False,False
291,292,2011-11-16,54,1.28,69.12,2,11,2011,False,,,False,False
292,293,2011-11-17,130,1.28,166.4,3,11,2011,False,,,False,False
293,294,2011-11-18,145,1.28,185.6,4,11,2011,False,,,False,False
294,295,2011-11-19,211,1.28,270.08,5,11,2011,False,,,False,True
295,296,2011-11-20,170,1.28,217.6,6,11,2011,False,,,False,True
296,297,2011-11-21,38,1.28,48.64,0,11,2011,False,,,False,False
297,298,2011-11-22,193,1.28,247.04,1,11,2011,False,,,False,False
298,299,2011-11-23,322,1.28,412.16,2,11,2011,False,,,False,False
299,300,2011-11-24,180,1.28,230.4,3,11,2011,False,Thanksgiving,National,True,False
300,301,2011-11-25,104,1.28,133.12,4,11,2011,False,,,False,False
301,302,2011-11-26,129,1.28,165.12,5,11,2011,False,,,False,True
302,303,2011-11-27,128,1.28,163.84,6,11,2011,False,,,False,True
303,304,2011-11-28,78,1.28,99.84,0,11,2011,False,,,False,False
304,305,2011-11-29,81,1.28,103.68,1,11,2011,False,,,False,False
305,306,2011-11-30,120,1.28,153.6,2,11,2011,False,,,False,False
306,307,2011-12-01,63,1.28,80.64,3,12,2011,True,,,False,False
307,308,2011-12-02,130,1.28,166.4,4,12,2011,True,,,False,False
308,309,2011-12-03,159,1.28,203.52,5,12,2011,True,,,False,True
309,310,2011-12-04,143,1.28,183.04,6,12,2011,True,,,False,True
310,311,2011-12-05,91,1.28,116.48,0,12,2011,True,,,False,False
311,312,2011-12-06,67,1.28,85.76,1,12,2011,True,,,False,False
312,313,2011-12-07,100,1.28,128.0,2,12,2011,True,,,False,False
313,314,2011-12-08,97,1.28,124.16,3,12,2011,True,,,False,False
314,315,2011-12-09,107,1.28,136.96,4,12,2011,True,,,False,False
315,316,2011-12-10,174,1.28,222.72,5,12,2011,True,,,False,True
316,317,2011-12-11,159,1.28,203.52,6,12,2011,False,,,False,True
317,318,2011-12-12,61,1.28,78.08,0,12,2011,False,,,False,False
318,319,2011-12-13,47,1.28,60.160000000000004,1,12,2011,False,,,False,False
319,320,2011-12-14,118,1.28,151.04,2,12,2011,False,,,False,False
320,321,2011-12-15,133,1.28,170.24,3,12,2011,False,,,False,False
321,322,2011-12-16,146,1.28,186.88,4,12,2011,False,,,False,False
322,323,2011-12-17,154,1.28,197.12,5,12,2011,False,,,False,True
323,324,2011-12-18,116,1.28,148.48,6,12,2011,False,,,False,True
324,325,2011-12-19,92,1.28,117.76,0,12,2011,False,,,False,False
325,326,2011-12-20,102,1.28,130.56,1,12,2011,False,,,False,False
326,327,2011-12-21,145,1.28,185.6,2,12,2011,False,,,False,False
327,328,2011-12-22,178,1.28,227.84,3,12,2011,False,,,False,False
328,329,2011-12-23,213,1.28,272.64,4,12,2011,False,,,False,False
329,330,2011-12-24,271,1.28,346.88,5,12,2011,False,,,False,True
330,331,2011-12-25,0,1.28,0.0,6,12,2011,False,Christmas,National,True,True
331,332,2011-12-26,121,1.28,154.88,0,12,2011,False,,,False,False
332,333,2011-12-27,70,1.28,89.60000000000001,1,12,2011,False,,,False,False
333,334,2011-12-28,137,1.28,175.36,2,12,2011,False,Chanukah End,Religious,True,False
334,335,2011-12-29,123,1.28,157.44,3,12,2011,False,,,False,False
335,336,2011-12-30,216,1.28,276.48,4,12,2011,False,,,False,False
336,337,2011-12-31,206,1.28,263.68,5,12,2011,False,,,False,True
337,338,2012-01-01,56,1.28,71.68,6,1,2012,True,NewYear,National,True,True
338,339,2012-01-02,57,1.28,72.96000000000001,0,1,2012,True,,,False,False
339,340,2012-01-03,76,1.28,97.28,1,1,2012,True,,,False,False
340,341,2012-01-04,44,1.28,56.32,2,1,2012,True,,,False,False
341,342,2012-01-05,108,1.28,138.24,3,1,2012,True,,,False,False
342,343,2012-01-06,103,1.28,131.84,4,1,2012,True,,,False,False
343,344,2012-01-07,121,1.28,154.88,5,1,2012,True,OrthodoxChristmas,Religious,True,True
344,345,2012-01-08,186,1.28,238.08,6,1,2012,True,,,False,True
345,346,2012-01-09,52,1.28,66.56,0,1,2012,True,,,False,False
346,347,2012-01-10,52,1.28,66.56,1,1,2012,True,,,False,False
347,348,2012-01-11,94,1.28,120.32000000000001,2,1,2012,False,,,False,False
348,349,2012-01-12,65,1.28,83.2,3,1,2012,False,,,False,False
349,350,2012-01-13,98,1.28,125.44,4,1,2012,False,,,False,False
350,351,2012-01-14,186,1.28,238.08,5,1,2012,False,,,False,True
351,352,2012-01-15,117,1.28,149.76,6,1,2012,False,,,False,True
352,353,2012-01-16,83,1.28,106.24000000000001,0,1,2012,False,MartinLutherKingDay,National,True,False
353,354,2012-01-17,84,1.28,107.52,1,1,2012,False,,,False,False
354,355,2012-01-18,69,1.28,88.32000000000001,2,1,2012,False,,,False,False
355,356,2012-01-19,51,1.28,65.28,3,1,2012,False,,,False,False
356,357,2012-01-20,129,1.28,165.12,4,1,2012,False,,,False,False
357,358,2012-01-21,158,1.28,202.24,5,1,2012,False,,,False,True
358,359,2012-01-22,126,1.28,161.28,6,1,2012,False,,,False,True
359,360,2012-01-23,50,1.28,64.0,0,1,2012,False,,,False,False
360,361,2012-01-24,100,1.28,128.0,1,1,2012,False,,,False,False
361,362,2012-01-25,79,1.28,101.12,2,1,2012,False,,,False,False
362,363,2012-01-26,56,1.28,71.68,3,1,2012,False,,,False,False
363,364,2012-01-27,120,1.28,153.6,4,1,2012,False,,,False,False
364,365,2012-01-28,82,1.28,104.96000000000001,5,1,2012,False,,,False,True
365,366,2012-01-29,97,1.28,124.16,6,1,2012,False,,,False,True
366,367,2012-01-30,124,1.28,158.72,0,1,2012,False,,,False,False
367,368,2012-01-31,53,1.28,67.84,1,1,2012,False,,,False,False
368,369,2012-02-01,92,1.28,117.76,2,2,2012,True,,,False,False
369,370,2012-02-02,50,1.28,64.0,3,2,2012,True,,,False,False
370,371,2012-02-03,114,1.28,145.92000000000002,4,2,2012,True,,,False,False
371,372,2012-02-04,165,1.28,211.20000000000002,5,2,2012,True,,,False,True
372,373,2012-02-05,115,1.28,147.20000000000002,6,2,2012,True,SuperBowl,Sporting,True,True
373,374,2012-02-06,57,1.28,72.96000000000001,0,2,2012,True,,,False,False
374,375,2012-02-07,36,1.28,46.08,1,2,2012,True,,,False,False
375,376,2012-02-08,133,1.28,170.24,2,2,2012,True,,,False,False
376,377,2012-02-09,71,1.28,90.88,3,2,2012,True,,,False,False
377,378,2012-02-10,122,1.28,156.16,4,2,2012,True,,,False,False
378,379,2012-02-11,104,1.28,133.12,5,2,2012,False,,,False,True
379,380,2012-02-12,122,1.28,156.16,6,2,2012,False,,,False,True
380,381,2012-02-13,69,1.28,88.32000000000001,0,2,2012,False,,,False,False
381,382,2012-02-14,134,1.28,171.52,1,2,2012,False,ValentinesDay,Cultural,True,False
382,383,2012-02-15,117,1.28,149.76,2,2,2012,False,,,False,False
383,384,2012-02-16,11,1.28,14.08,3,2,2012,False,,,False,False
384,385,2012-02-17,0,1.28,0.0,4,2,2012,False,,,False,False
385,386,2012-02-18,84,1.44,120.96,5,2,2012,False,,,False,True
386,387,2012-02-19,68,1.44,97.92,6,2,2012,False,,,False,True
387,388,2012-02-20,50,1.44,72.0,0,2,2012,False,PresidentsDay,National,True,False
388,389,2012-02-21,148,1.44,213.12,1,2,2012,False,,,False,False
389,390,2012-02-22,60,1.44,86.39999999999999,2,2,2012,False,LentStart,Religious,True,False
390,391,2012-02-23,81,1.44,116.64,3,2,2012,False,,,False,False
391,392,2012-02-24,96,1.44,138.24,4,2,2012,False,,,False,False
392,393,2012-02-25,88,1.44,126.72,5,2,2012,False,,,False,True
393,394,2012-02-26,57,1.44,82.08,6,2,2012,False,,,False,True
394,395,2012-02-27,59,1.44,84.96,0,2,2012,False,,,False,False
395,396,2012-02-28,61,1.44,87.84,1,2,2012,False,,,False,False
396,397,2012-02-29,99,1.44,142.56,2,2,2012,False,LentWeek2,Religious,True,False
397,398,2012-03-01,77,1.44,110.88,3,3,2012,True,,,False,False
398,399,2012-03-02,66,1.44,95.03999999999999,4,3,2012,True,,,False,False
399,400,2012-03-03,133,1.44,191.51999999999998,5,3,2012,True,,,False,True
400,401,2012-03-04,129,1.44,185.76,6,3,2012,True,,,False,True
401,402,2012-03-05,43,1.44,61.919999999999995,0,3,2012,True,,,False,False
402,403,2012-03-06,58,1.44,83.52,1,3,2012,True,,,False,False
403,404,2012-03-07,48,1.44,69.12,2,3,2012,True,,,False,False
404,405,2012-03-08,97,1.44,139.68,3,3,2012,True,Purim End,Religious,True,False
405,406,2012-03-09,88,1.44,126.72,4,3,2012,True,,,False,False
406,407,2012-03-10,133,1.44,191.51999999999998,5,3,2012,True,,,False,True
407,408,2012-03-11,99,1.44,142.56,6,3,2012,False,,,False,True
408,409,2012-03-12,43,1.44,61.919999999999995,0,3,2012,False,,,False,False
409,410,2012-03-13,37,1.44,53.28,1,3,2012,False,,,False,False
410,411,2012-03-14,73,1.44,105.11999999999999,2,3,2012,False,,,False,False
411,412,2012-03-15,46,1.44,66.24,3,3,2012,False,,,False,False
412,413,2012-03-16,62,1.44,89.28,4,3,2012,False,,,False,False
413,414,2012-03-17,76,1.44,109.44,5,3,2012,False,StPatricksDay,Cultural,True,True
414,415,2012-03-18,69,1.44,99.36,6,3,2012,False,,,False,True
415,416,2012-03-19,77,1.44,110.88,0,3,2012,False,,,False,False
416,417,2012-03-20,30,1.44,43.199999999999996,1,3,2012,False,,,False,False
417,418,2012-03-21,36,1.44,51.839999999999996,2,3,2012,False,,,False,False
418,419,2012-03-22,61,1.44,87.84,3,3,2012,False,,,False,False
419,420,2012-03-23,13,1.44,18.72,4,3,2012,False,,,False,False
420,421,2012-03-24,98,1.48,145.04,5,3,2012,False,,,False,True
421,422,2012-03-25,75,1.48,111.0,6,3,2012,False,,,False,True
422,423,2012-03-26,45,1.48,66.6,0,3,2012,False,,,False,False
423,424,2012-03-27,48,1.48,71.03999999999999,1,3,2012,False,,,False,False
424,425,2012-03-28,37,1.48,54.76,2,3,2012,False,,,False,False
425,426,2012-03-29,57,1.48,84.36,3,3,2012,False,,,False,False
426,427,2012-03-30,60,1.48,88.8,4,3,2012,False,,,False,False
427,428,2012-03-31,70,1.48,103.6,5,3,2012,False,,,False,True
428,429,2012-04-01,64,1.48,94.72,6,4,2012,True,,,False,True
429,430,2012-04-02,59,1.48,87.32,0,4,2012,True,,,False,False
430,431,2012-04-03,74,1.48,109.52,1,4,2012,True,,,False,False
431,432,2012-04-04,34,1.48,50.32,2,4,2012,True,,,False,False
432,433,2012-04-05,83,1.48,122.84,3,4,2012,True,,,False,False
433,434,2012-04-06,94,1.48,139.12,4,4,2012,True,,,False,False
434,435,2012-04-07,158,1.48,233.84,5,4,2012,True,,,False,True
435,436,2012-04-08,104,1.48,153.92,6,4,2012,True,Easter,Cultural,True,True
436,437,2012-04-09,37,1.48,54.76,0,4,2012,True,,,False,False
437,438,2012-04-10,46,1.48,68.08,1,4,2012,True,,,False,False
438,439,2012-04-11,19,1.48,28.12,2,4,2012,False,,,False,False
439,440,2012-04-12,38,1.48,56.24,3,4,2012,False,,,False,False
440,441,2012-04-13,67,1.48,99.16,4,4,2012,False,,,False,False
441,442,2012-04-14,157,1.48,232.35999999999999,5,4,2012,False,Pesach End,Religious,True,True
442,443,2012-04-15,85,1.48,125.8,6,4,2012,False,OrthodoxEaster,Religious,True,True
443,444,2012-04-16,49,1.48,72.52,0,4,2012,False,,,False,False
444,445,2012-04-17,54,1.48,79.92,1,4,2012,False,,,False,False
445,446,2012-04-18,40,1.48,59.2,2,4,2012,False,,,False,False
446,447,2012-04-19,68,1.48,100.64,3,4,2012,False,,,False,False
447,448,2012-04-20,152,1.48,224.96,4,4,2012,False,,,False,False
448,449,2012-04-21,95,1.48,140.6,5,4,2012,False,,,False,True
449,450,2012-04-22,110,1.48,162.8,6,4,2012,False,,,False,True
450,451,2012-04-23,38,1.48,56.24,0,4,2012,False,,,False,False
451,452,2012-04-24,38,1.48,56.24,1,4,2012,False,,,False,False
452,453,2012-04-25,98,1.48,145.04,2,4,2012,False,,,False,False
453,454,2012-04-26,64,1.48,94.72,3,4,2012,False,,,False,False
454,455,2012-04-27,74,1.48,109.52,4,4,2012,False,,,False,False
455,456,2012-04-28,111,1.48,164.28,5,4,2012,False,,,False,True
456,457,2012-04-29,97,1.48,143.56,6,4,2012,False,,,False,True
457,458,2012-04-30,64,1.48,94.72,0,4,2012,False,,,False,False
458,459,2012-05-01,48,1.48,71.03999999999999,1,5,2012,True,,,False,False
459,460,2012-05-02,41,1.48,60.68,2,5,2012,True,,,False,False
460,461,2012-05-03,98,1.48,145.04,3,5,2012,True,,,False,False
461,462,2012-05-04,66,1.48,97.67999999999999,4,5,2012,True,,,False,False
462,463,2012-05-05,93,1.48,137.64,5,5,2012,True,Cinco De Mayo,Cultural,True,True
463,464,2012-05-06,96,1.48,142.07999999999998,6,5,2012,True,,,False,True
464,465,2012-05-07,57,1.48,84.36,0,5,2012,True,,,False,False
465,466,2012-05-08,48,1.48,71.03999999999999,1,5,2012,True,,,False,False
466,467,2012-05-09,52,1.48,76.96,2,5,2012,True,,,False,False
467,468,2012-05-10,81,1.48,119.88,3,5,2012,True,,,False,False
468,469,2012-05-11,128,1.48,189.44,4,5,2012,False,,,False,False
469,470,2012-05-12,104,1.48,153.92,5,5,2012,False,,,False,True
470,471,2012-05-13,96,1.48,142.07999999999998,6,5,2012,False,Mother's day,Cultural,True,True
471,472,2012-05-14,50,1.48,74.0,0,5,2012,False,,,False,False
472,473,2012-05-15,62,1.48,91.76,1,5,2012,False,,,False,False
473,474,2012-05-16,81,1.48,119.88,2,5,2012,False,,,False,False
474,475,2012-05-17,54,1.48,79.92,3,5,2012,False,,,False,False
475,476,2012-05-18,80,1.48,118.4,4,5,2012,False,,,False,False
476,477,2012-05-19,139,1.48,205.72,5,5,2012,False,,,False,True
477,478,2012-05-20,79,1.48,116.92,6,5,2012,False,,,False,True
478,479,2012-05-21,52,1.48,76.96,0,5,2012,False,,,False,False
479,480,2012-05-22,59,1.48,87.32,1,5,2012,False,,,False,False
480,481,2012-05-23,37,1.48,54.76,2,5,2012,False,,,False,False
481,482,2012-05-24,72,1.48,106.56,3,5,2012,False,,,False,False
482,483,2012-05-25,92,1.48,136.16,4,5,2012,False,,,False,False
483,484,2012-05-26,76,1.48,112.48,5,5,2012,False,,,False,True
484,485,2012-05-27,91,1.48,134.68,6,5,2012,False,,,False,True
485,486,2012-05-28,72,1.48,106.56,0,5,2012,False,MemorialDay,National,True,False
486,487,2012-05-29,27,1.48,39.96,1,5,2012,False,,,False,False
487,488,2012-05-30,40,1.48,59.2,2,5,2012,False,,,False,False
488,489,2012-05-31,58,1.48,85.84,3,5,2012,False,,,False,False
489,490,2012-06-01,92,1.48,136.16,4,6,2012,True,,,False,False
490,491,2012-06-02,92,1.48,136.16,5,6,2012,True,,,False,True
491,492,2012-06-03,65,1.48,96.2,6,6,2012,True,,,False,True
492,493,2012-06-04,60,1.48,88.8,0,6,2012,True,,,False,False
493,494,2012-06-05,48,1.48,71.03999999999999,1,6,2012,True,,,False,False
494,495,2012-06-06,80,1.48,118.4,2,6,2012,True,,,False,False
495,496,2012-06-07,63,1.48,93.24,3,6,2012,True,,,False,False
496,497,2012-06-08,108,1.48,159.84,4,6,2012,True,,,False,False
497,498,2012-06-09,120,1.48,177.6,5,6,2012,True,,,False,True
498,499,2012-06-10,132,1.48,195.35999999999999,6,6,2012,True,,,False,True
499,500,2012-06-11,88,1.48,130.24,0,6,2012,False,,,False,False
500,501,2012-06-12,53,1.48,78.44,1,6,2012,False,NBAFinalsStart,Sporting,True,False
501,502,2012-06-13,65,1.48,96.2,2,6,2012,False,,,False,False
502,503,2012-06-14,63,1.48,93.24,3,6,2012,False,,,False,False
503,504,2012-06-15,138,1.48,204.24,4,6,2012,False,,,False,False
504,505,2012-06-16,104,1.48,153.92,5,6,2012,False,,,False,True
505,506,2012-06-17,87,1.48,128.76,6,6,2012,False,Father's day,Cultural,True,True
506,507,2012-06-18,45,1.48,66.6,0,6,2012,False,,,False,False
507,508,2012-06-19,27,1.48,39.96,1,6,2012,False,,,False,False
508,509,2012-06-20,19,1.48,28.12,2,6,2012,False,,,False,False
509,510,2012-06-21,0,1.48,0.0,3,6,2012,False,NBAFinalsEnd,Sporting,True,False
510,511,2012-06-22,0,1.48,0.0,4,6,2012,False,,,False,False
511,512,2012-06-23,89,1.28,113.92,5,6,2012,False,,,False,True
512,513,2012-06-24,131,1.28,167.68,6,6,2012,False,,,False,True
513,514,2012-06-25,72,1.28,92.16,0,6,2012,False,,,False,False
514,515,2012-06-26,106,1.28,135.68,1,6,2012,False,,,False,False
515,516,2012-06-27,72,1.28,92.16,2,6,2012,False,,,False,False
516,517,2012-06-28,68,1.28,87.04,3,6,2012,False,,,False,False
517,518,2012-06-29,130,1.28,166.4,4,6,2012,False,,,False,False
518,519,2012-06-30,141,1.28,180.48,5,6,2012,False,,,False,True
519,520,2012-07-01,119,1.28,152.32,6,7,2012,True,,,False,True
520,521,2012-07-02,38,1.28,48.64,0,7,2012,True,,,False,False
521,522,2012-07-03,104,1.28,133.12,1,7,2012,True,,,False,False
522,523,2012-07-04,116,1.28,148.48,2,7,2012,True,IndependenceDay,National,True,False
523,524,2012-07-05,75,1.28,96.0,3,7,2012,True,,,False,False
524,525,2012-07-06,123,1.28,157.44,4,7,2012,True,,,False,False
525,526,2012-07-07,110,1.28,140.8,5,7,2012,True,,,False,True
526,527,2012-07-08,89,1.28,113.92,6,7,2012,True,,,False,True
527,528,2012-07-09,67,1.28,85.76,0,7,2012,True,,,False,False
528,529,2012-07-10,62,1.28,79.36,1,7,2012,True,,,False,False
529,530,2012-07-11,59,1.28,75.52,2,7,2012,False,,,False,False
530,531,2012-07-12,69,1.28,88.32000000000001,3,7,2012,False,,,False,False
531,532,2012-07-13,94,1.28,120.32000000000001,4,7,2012,False,,,False,False
532,533,2012-07-14,115,1.28,147.20000000000002,5,7,2012,False,,,False,True
533,534,2012-07-15,122,1.28,156.16,6,7,2012,False,,,False,True
534,535,2012-07-16,61,1.28,78.08,0,7,2012,False,,,False,False
535,536,2012-07-17,83,1.28,106.24000000000001,1,7,2012,False,,,False,False
536,537,2012-07-18,61,1.28,78.08,2,7,2012,False,,,False,False
537,538,2012-07-19,82,1.28,104.96000000000001,3,7,2012,False,,,False,False
538,539,2012-07-20,115,1.28,147.20000000000002,4,7,2012,False,Ramadan starts,Religious,True,False
539,540,2012-07-21,103,1.28,131.84,5,7,2012,False,,,False,True
540,541,2012-07-22,137,1.28,175.36,6,7,2012,False,,,False,True
541,542,2012-07-23,71,1.28,90.88,0,7,2012,False,,,False,False
542,543,2012-07-24,54,1.28,69.12,1,7,2012,False,,,False,False
543,544,2012-07-25,134,1.28,171.52,2,7,2012,False,,,False,False
544,545,2012-07-26,52,1.28,66.56,3,7,2012,False,,,False,False
545,546,2012-07-27,92,1.28,117.76,4,7,2012,False,,,False,False
546,547,2012-07-28,109,1.28,139.52,5,7,2012,False,,,False,True
547,548,2012-07-29,131,1.28,167.68,6,7,2012,False,,,False,True
548,549,2012-07-30,72,1.28,92.16,0,7,2012,False,,,False,False
549,550,2012-07-31,61,1.28,78.08,1,7,2012,False,,,False,False
550,551,2012-08-01,41,1.28,52.480000000000004,2,8,2012,True,,,False,False
551,552,2012-08-02,99,1.28,126.72,3,8,2012,True,,,False,False
552,553,2012-08-03,133,1.28,170.24,4,8,2012,True,,,False,False
553,554,2012-08-04,103,1.28,131.84,5,8,2012,True,,,False,True
554,555,2012-08-05,191,1.28,244.48000000000002,6,8,2012,True,,,False,True
555,556,2012-08-06,106,1.28,135.68,0,8,2012,True,,,False,False
556,557,2012-08-07,65,1.28,83.2,1,8,2012,True,,,False,False
557,558,2012-08-08,93,1.28,119.04,2,8,2012,True,,,False,False
558,559,2012-08-09,124,1.28,158.72,3,8,2012,True,,,False,False
559,560,2012-08-10,143,1.28,183.04,4,8,2012,True,,,False,False
560,561,2012-08-11,190,1.28,243.20000000000002,5,8,2012,False,,,False,True
561,562,2012-08-12,131,1.28,167.68,6,8,2012,False,,,False,True
562,563,2012-08-13,93,1.28,119.04,0,8,2012,False,,,False,False
563,564,2012-08-14,91,1.28,116.48,1,8,2012,False,,,False,False
564,565,2012-08-15,101,1.28,129.28,2,8,2012,False,,,False,False
565,566,2012-08-16,104,1.28,133.12,3,8,2012,False,,,False,False
566,567,2012-08-17,152,1.28,194.56,4,8,2012,False,,,False,False
567,568,2012-08-18,214,1.28,273.92,5,8,2012,False,,,False,True
568,569,2012-08-19,112,1.28,143.36,6,8,2012,False,Eid al-Fitr,Religious,True,True
569,570,2012-08-20,85,1.28,108.8,0,8,2012,False,,,False,False
570,571,2012-08-21,48,1.28,61.44,1,8,2012,False,,,False,False
571,572,2012-08-22,78,1.28,99.84,2,8,2012,False,,,False,False
572,573,2012-08-23,85,1.28,108.8,3,8,2012,False,,,False,False
573,574,2012-08-24,141,1.28,180.48,4,8,2012,False,,,False,False
574,575,2012-08-25,225,1.28,288.0,5,8,2012,False,,,False,True
575,576,2012-08-26,105,1.28,134.4,6,8,2012,False,,,False,True
576,577,2012-08-27,73,1.28,93.44,0,8,2012,False,,,False,False
577,578,2012-08-28,89,1.28,113.92,1,8,2012,False,,,False,False
578,579,2012-08-29,89,1.28,113.92,2,8,2012,False,,,False,False
579,580,2012-08-30,122,1.28,156.16,3,8,2012,False,,,False,False
580,581,2012-08-31,125,1.28,160.0,4,8,2012,False,,,False,False
581,582,2012-09-01,159,1.28,203.52,5,9,2012,True,,,False,True
582,583,2012-09-02,150,1.28,192.0,6,9,2012,True,,,False,True
583,584,2012-09-03,127,1.28,162.56,0,9,2012,True,LaborDay,National,True,False
584,585,2012-09-04,111,1.28,142.08,1,9,2012,True,,,False,False
585,586,2012-09-05,98,1.28,125.44,2,9,2012,True,,,False,False
586,587,2012-09-06,71,1.28,90.88,3,9,2012,True,,,False,False
587,588,2012-09-07,130,1.28,166.4,4,9,2012,True,,,False,False
588,589,2012-09-08,109,1.28,139.52,5,9,2012,True,,,False,True
589,590,2012-09-09,160,1.28,204.8,6,9,2012,True,,,False,True
590,591,2012-09-10,67,1.28,85.76,0,9,2012,True,,,False,False
591,592,2012-09-11,51,1.28,65.28,1,9,2012,False,,,False,False
592,593,2012-09-12,89,1.28,113.92,2,9,2012,False,,,False,False
593,594,2012-09-13,87,1.28,111.36,3,9,2012,False,,,False,False
594,595,2012-09-14,107,1.28,136.96,4,9,2012,False,,,False,False
595,596,2012-09-15,99,1.28,126.72,5,9,2012,False,,,False,True
596,597,2012-09-16,118,1.28,151.04,6,9,2012,False,,,False,True
597,598,2012-09-17,65,1.28,83.2,0,9,2012,False,,,False,False
598,599,2012-09-18,73,1.28,93.44,1,9,2012,False,,,False,False
599,600,2012-09-19,59,1.28,75.52,2,9,2012,False,,,False,False
600,601,2012-09-20,84,1.28,107.52,3,9,2012,False,,,False,False
601,602,2012-09-21,108,1.28,138.24,4,9,2012,False,,,False,False
602,603,2012-09-22,109,1.28,139.52,5,9,2012,False,,,False,True
603,604,2012-09-23,160,1.28,204.8,6,9,2012,False,,,False,True
604,605,2012-09-24,68,1.28,87.04,0,9,2012,False,,,False,False
605,606,2012-09-25,91,1.28,116.48,1,9,2012,False,,,False,False
606,607,2012-09-26,70,1.28,89.60000000000001,2,9,2012,False,,,False,False
607,608,2012-09-27,77,1.28,98.56,3,9,2012,False,,,False,False
608,609,2012-09-28,63,1.28,80.64,4,9,2012,False,,,False,False
609,610,2012-09-29,134,1.28,171.52,5,9,2012,False,,,False,True
610,611,2012-09-30,116,1.28,148.48,6,9,2012,False,,,False,True
611,612,2012-10-01,109,1.28,139.52,0,10,2012,True,,,False,False
612,613,2012-10-02,81,1.28,103.68,1,10,2012,True,,,False,False
613,614,2012-10-03,108,1.28,138.24,2,10,2012,True,,,False,False
614,615,2012-10-04,74,1.28,94.72,3,10,2012,True,,,False,False
615,616,2012-10-05,0,1.28,0.0,4,10,2012,True,,,False,False
616,617,2012-10-06,114,1.38,157.32,5,10,2012,True,,,False,True
617,618,2012-10-07,137,1.38,189.05999999999997,6,10,2012,True,,,False,True
618,619,2012-10-08,53,1.38,73.14,0,10,2012,True,ColumbusDay,National,True,False
619,620,2012-10-09,86,1.38,118.67999999999999,1,10,2012,True,,,False,False
620,621,2012-10-10,50,1.38,69.0,2,10,2012,True,,,False,False
621,622,2012-10-11,75,1.38,103.49999999999999,3,10,2012,False,,,False,False
622,623,2012-10-12,161,1.38,222.17999999999998,4,10,2012,False,,,False,False
623,624,2012-10-13,105,1.38,144.89999999999998,5,10,2012,False,,,False,True
624,625,2012-10-14,100,1.38,138.0,6,10,2012,False,,,False,True
625,626,2012-10-15,43,1.38,59.339999999999996,0,10,2012,False,,,False,False
626,627,2012-10-16,64,1.38,88.32,1,10,2012,False,,,False,False
627,628,2012-10-17,44,1.38,60.72,2,10,2012,False,,,False,False
628,629,2012-10-18,37,1.38,51.059999999999995,3,10,2012,False,,,False,False
629,630,2012-10-19,139,1.38,191.82,4,10,2012,False,,,False,False
630,631,2012-10-20,0,1.25,0.0,5,10,2012,False,,,False,True
631,632,2012-10-21,0,1.25,0.0,6,10,2012,False,,,False,True
632,633,2012-10-22,0,1.25,0.0,0,10,2012,False,,,False,False
633,634,2012-10-23,46,1.25,57.5,1,10,2012,False,,,False,False
634,635,2012-10-24,69,1.25,86.25,2,10,2012,False,,,False,False
635,636,2012-10-25,100,1.25,125.0,3,10,2012,False,,,False,False
636,637,2012-10-26,142,1.25,177.5,4,10,2012,False,EidAlAdha,Religious,True,False
637,638,2012-10-27,135,1.25,168.75,5,10,2012,False,,,False,True
638,639,2012-10-28,205,1.25,256.25,6,10,2012,False,,,False,True
639,640,2012-10-29,167,1.25,208.75,0,10,2012,False,,,False,False
640,641,2012-10-30,102,1.25,127.5,1,10,2012,False,,,False,False
641,642,2012-10-31,77,1.25,96.25,2,10,2012,False,Halloween,Cultural,True,False
642,643,2012-11-01,113,1.25,141.25,3,11,2012,True,,,False,False
643,644,2012-11-02,142,1.25,177.5,4,11,2012,True,,,False,False
644,645,2012-11-03,140,1.25,175.0,5,11,2012,True,,,False,True
645,646,2012-11-04,144,1.25,180.0,6,11,2012,True,,,False,True
646,647,2012-11-05,74,1.25,92.5,0,11,2012,True,,,False,False
647,648,2012-11-06,76,1.25,95.0,1,11,2012,True,,,False,False
648,649,2012-11-07,67,1.25,83.75,2,11,2012,True,,,False,False
649,650,2012-11-08,81,1.25,101.25,3,11,2012,True,,,False,False
650,651,2012-11-09,141,1.25,176.25,4,11,2012,True,,,False,False
651,652,2012-11-10,137,1.25,171.25,5,11,2012,True,,,False,True
652,653,2012-11-11,183,1.25,228.75,6,11,2012,False,VeteransDay,National,True,True
653,654,2012-11-12,114,1.25,142.5,0,11,2012,False,,,False,False
654,655,2012-11-13,86,1.25,107.5,1,11,2012,False,,,False,False
655,656,2012-11-14,64,1.25,80.0,2,11,2012,False,,,False,False
656,657,2012-11-15,77,1.25,96.25,3,11,2012,False,,,False,False
657,658,2012-11-16,137,1.25,171.25,4,11,2012,False,,,False,False
658,659,2012-11-17,161,1.25,201.25,5,11,2012,False,,,False,True
659,660,2012-11-18,170,1.25,212.5,6,11,2012,False,,,False,True
660,661,2012-11-19,143,1.25,178.75,0,11,2012,False,,,False,False
661,662,2012-11-20,144,1.25,180.0,1,11,2012,False,,,False,False
662,663,2012-11-21,313,1.25,391.25,2,11,2012,False,,,False,False
663,664,2012-11-22,183,1.25,228.75,3,11,2012,False,Thanksgiving,National,True,False
664,665,2012-11-23,45,1.25,56.25,4,11,2012,False,,,False,False
665,666,2012-11-24,125,1.25,156.25,5,11,2012,False,,,False,True
666,667,2012-11-25,132,1.25,165.0,6,11,2012,False,,,False,True
667,668,2012-11-26,53,1.25,66.25,0,11,2012,False,,,False,False
668,669,2012-11-27,69,1.25,86.25,1,11,2012,False,,,False,False
669,670,2012-11-28,100,1.25,125.0,2,11,2012,False,,,False,False
670,671,2012-11-29,71,1.25,88.75,3,11,2012,False,,,False,False
671,672,2012-11-30,127,1.25,158.75,4,11,2012,False,,,False,False
672,673,2012-12-01,172,1.25,215.0,5,12,2012,True,,,False,True
673,674,2012-12-02,114,1.25,142.5,6,12,2012,True,,,False,True
674,675,2012-12-03,75,1.25,93.75,0,12,2012,True,,,False,False
675,676,2012-12-04,80,1.25,100.0,1,12,2012,True,,,False,False
676,677,2012-12-05,94,1.25,117.5,2,12,2012,True,,,False,False
677,678,2012-12-06,113,1.25,141.25,3,12,2012,True,,,False,False
678,679,2012-12-07,142,1.25,177.5,4,12,2012,True,,,False,False
679,680,2012-12-08,153,1.25,191.25,5,12,2012,True,,,False,True
680,681,2012-12-09,128,1.25,160.0,6,12,2012,True,,,False,True
681,682,2012-12-10,147,1.25,183.75,0,12,2012,True,,,False,False
682,683,2012-12-11,76,1.25,95.0,1,12,2012,False,,,False,False
683,684,2012-12-12,91,1.25,113.75,2,12,2012,False,,,False,False
684,685,2012-12-13,89,1.25,111.25,3,12,2012,False,,,False,False
685,686,2012-12-14,138,1.25,172.5,4,12,2012,False,,,False,False
686,687,2012-12-15,152,1.25,190.0,5,12,2012,False,,,False,True
687,688,2012-12-16,190,1.25,237.5,6,12,2012,False,Chanukah End,Religious,True,True
688,689,2012-12-17,109,1.25,136.25,0,12,2012,False,,,False,False
689,690,2012-12-18,99,1.25,123.75,1,12,2012,False,,,False,False
690,691,2012-12-19,98,1.25,122.5,2,12,2012,False,,,False,False
691,692,2012-12-20,125,1.25,156.25,3,12,2012,False,,,False,False
692,693,2012-12-21,117,1.25,146.25,4,12,2012,False,,,False,False
693,694,2012-12-22,282,1.25,352.5,5,12,2012,False,,,False,True
694,695,2012-12-23,293,1.25,366.25,6,12,2012,False,,,False,True
695,696,2012-12-24,286,1.25,357.5,0,12,2012,False,,,False,False
696,697,2012-12-25,0,1.25,0.0,1,12,2012,False,Christmas,National,True,False
697,698,2012-12-26,70,1.25,87.5,2,12,2012,False,,,False,False
698,699,2012-12-27,88,1.25,110.0,3,12,2012,False,,,False,False
699,700,2012-12-28,91,1.25,113.75,4,12,2012,False,,,False,False
700,701,2012-12-29,101,1.25,126.25,5,12,2012,False,,,False,True
701,702,2012-12-30,172,1.25,215.0,6,12,2012,False,,,False,True
702,703,2012-12-31,215,1.25,268.75,0,12,2012,False,,,False,False
703,704,2013-01-01,45,1.25,56.25,1,1,2013,True,NewYear,National,True,False
704,705,2013-01-02,47,1.25,58.75,2,1,2013,True,,,False,False
705,706,2013-01-03,118,1.25,147.5,3,1,2013,True,,,False,False
706,707,2013-01-04,119,1.25,148.75,4,1,2013,True,,,False,False
707,708,2013-01-05,100,1.25,125.0,5,1,2013,True,,,False,True
708,709,2013-01-06,104,1.25,130.0,6,1,2013,True,,,False,True
709,710,2013-01-07,40,1.25,50.0,0,1,2013,True,OrthodoxChristmas,Religious,True,False
710,711,2013-01-08,54,1.25,67.5,1,1,2013,True,,,False,False
711,712,2013-01-09,50,1.25,62.5,2,1,2013,True,,,False,False
712,713,2013-01-10,51,1.25,63.75,3,1,2013,True,,,False,False
713,714,2013-01-11,97,1.25,121.25,4,1,2013,False,,,False,False
714,715,2013-01-12,93,1.25,116.25,5,1,2013,False,,,False,True
715,716,2013-01-13,97,1.25,121.25,6,1,2013,False,,,False,True
716,717,2013-01-14,38,1.25,47.5,0,1,2013,False,,,False,False
717,718,2013-01-15,46,1.25,57.5,1,1,2013,False,,,False,False
718,719,2013-01-16,38,1.25,47.5,2,1,2013,False,,,False,False
719,720,2013-01-17,63,1.25,78.75,3,1,2013,False,,,False,False
720,721,2013-01-18,72,1.25,90.0,4,1,2013,False,,,False,False
721,722,2013-01-19,109,1.25,136.25,5,1,2013,False,,,False,True
722,723,2013-01-20,100,1.25,125.0,6,1,2013,False,,,False,True
723,724,2013-01-21,61,1.25,76.25,0,1,2013,False,MartinLutherKingDay,National,True,False
724,725,2013-01-22,0,1.25,0.0,1,1,2013,False,,,False,False
725,726,2013-01-23,0,1.25,0.0,2,1,2013,False,,,False,False
726,727,2013-01-24,0,1.25,0.0,3,1,2013,False,,,False,False
727,728,2013-01-25,0,1.25,0.0,4,1,2013,False,,,False,False
728,729,2013-01-26,86,1.38,118.67999999999999,5,1,2013,False,,,False,True
729,730,2013-01-27,62,1.38,85.55999999999999,6,1,2013,False,,,False,True
730,731,2013-01-28,63,1.38,86.94,0,1,2013,False,,,False,False
731,732,2013-01-29,44,1.38,60.72,1,1,2013,False,,,False,False
732,733,2013-01-30,57,1.38,78.66,2,1,2013,False,,,False,False
733,734,2013-01-31,101,1.38,139.38,3,1,2013,False,,,False,False
734,735,2013-02-01,123,1.38,169.73999999999998,4,2,2013,True,,,False,False
735,736,2013-02-02,152,1.38,209.76,5,2,2013,True,,,False,True
736,737,2013-02-03,110,1.38,151.79999999999998,6,2,2013,True,SuperBowl,Sporting,True,True
737,738,2013-02-04,27,1.38,37.26,0,2,2013,True,,,False,False
738,739,2013-02-05,40,1.38,55.199999999999996,1,2,2013,True,,,False,False
739,740,2013-02-06,66,1.38,91.08,2,2,2013,True,,,False,False
740,741,2013-02-07,48,1.38,66.24,3,2,2013,True,,,False,False
741,742,2013-02-08,88,1.38,121.44,4,2,2013,True,,,False,False
742,743,2013-02-09,109,1.38,150.42,5,2,2013,True,,,False,True
743,744,2013-02-10,110,1.38,151.79999999999998,6,2,2013,True,,,False,True
744,745,2013-02-11,62,1.38,85.55999999999999,0,2,2013,False,,,False,False
745,746,2013-02-12,36,1.38,49.67999999999999,1,2,2013,False,,,False,False
746,747,2013-02-13,60,1.38,82.8,2,2,2013,False,LentStart,Religious,True,False
747,748,2013-02-14,41,1.38,56.58,3,2,2013,False,ValentinesDay,Cultural,True,False
748,749,2013-02-15,90,1.38,124.19999999999999,4,2,2013,False,,,False,False
749,750,2013-02-16,106,1.38,146.28,5,2,2013,False,,,False,True
750,751,2013-02-17,86,1.38,118.67999999999999,6,2,2013,False,,,False,True
751,752,2013-02-18,53,1.38,73.14,0,2,2013,False,PresidentsDay,National,True,False
752,753,2013-02-19,55,1.38,75.89999999999999,1,2,2013,False,,,False,False
753,754,2013-02-20,61,1.38,84.17999999999999,2,2,2013,False,LentWeek2,Religious,True,False
754,755,2013-02-21,62,1.38,85.55999999999999,3,2,2013,False,,,False,False
755,756,2013-02-22,108,1.38,149.04,4,2,2013,False,,,False,False
756,757,2013-02-23,96,1.38,132.48,5,2,2013,False,,,False,True
757,758,2013-02-24,96,1.38,132.48,6,2,2013,False,Purim End,Religious,True,True
758,759,2013-02-25,42,1.38,57.959999999999994,0,2,2013,False,,,False,False
759,760,2013-02-26,49,1.38,67.61999999999999,1,2,2013,False,,,False,False
760,761,2013-02-27,44,1.38,60.72,2,2,2013,False,,,False,False
761,762,2013-02-28,85,1.38,117.3,3,2,2013,False,,,False,False
762,763,2013-03-01,76,1.38,104.88,4,3,2013,True,,,False,False
763,764,2013-03-02,176,1.38,242.88,5,3,2013,True,,,False,True
764,765,2013-03-03,96,1.38,132.48,6,3,2013,True,,,False,True
765,766,2013-03-04,74,1.38,102.11999999999999,0,3,2013,True,,,False,False
766,767,2013-03-05,38,1.38,52.44,1,3,2013,True,,,False,False
767,768,2013-03-06,78,1.38,107.63999999999999,2,3,2013,True,,,False,False
768,769,2013-03-07,64,1.38,88.32,3,3,2013,True,,,False,False
769,770,2013-03-08,70,1.38,96.6,4,3,2013,True,,,False,False
770,771,2013-03-09,86,1.38,118.67999999999999,5,3,2013,True,,,False,True
771,772,2013-03-10,118,1.38,162.83999999999997,6,3,2013,True,,,False,True
772,773,2013-03-11,32,1.38,44.16,0,3,2013,False,,,False,False
773,774,2013-03-12,46,1.38,63.48,1,3,2013,False,,,False,False
774,775,2013-03-13,75,1.38,103.49999999999999,2,3,2013,False,,,False,False
775,776,2013-03-14,57,1.38,78.66,3,3,2013,False,,,False,False
776,777,2013-03-15,76,1.38,104.88,4,3,2013,False,,,False,False
777,778,2013-03-16,125,1.38,172.5,5,3,2013,False,,,False,True
778,779,2013-03-17,52,1.38,71.75999999999999,6,3,2013,False,StPatricksDay,Cultural,True,True
779,780,2013-03-18,69,1.38,95.22,0,3,2013,False,,,False,False
780,781,2013-03-19,44,1.38,60.72,1,3,2013,False,,,False,False
781,782,2013-03-20,66,1.38,91.08,2,3,2013,False,,,False,False
782,783,2013-03-21,71,1.38,97.97999999999999,3,3,2013,False,,,False,False
783,784,2013-03-22,78,1.38,107.63999999999999,4,3,2013,False,,,False,False
784,785,2013-03-23,133,1.38,183.54,5,3,2013,False,,,False,True
785,786,2013-03-24,123,1.38,169.73999999999998,6,3,2013,False,,,False,True
786,787,2013-03-25,70,1.38,96.6,0,3,2013,False,,,False,False
787,788,2013-03-26,74,1.38,102.11999999999999,1,3,2013,False,,,False,False
788,789,2013-03-27,56,1.38,77.28,2,3,2013,False,,,False,False
789,790,2013-03-28,85,1.38,117.3,3,3,2013,False,,,False,False
790,791,2013-03-29,112,1.38,154.56,4,3,2013,False,,,False,False
791,792,2013-03-30,196,1.38,270.47999999999996,5,3,2013,False,,,False,True
792,793,2013-03-31,229,1.38,316.02,6,3,2013,False,Easter,Cultural,True,True
793,794,2013-04-01,87,1.38,120.05999999999999,0,4,2013,True,,,False,False
794,795,2013-04-02,59,1.38,81.41999999999999,1,4,2013,True,Pesach End,Religious,True,False
795,796,2013-04-03,56,1.38,77.28,2,4,2013,True,,,False,False
796,797,2013-04-04,72,1.38,99.35999999999999,3,4,2013,True,,,False,False
797,798,2013-04-05,118,1.38,162.83999999999997,4,4,2013,True,,,False,False
798,799,2013-04-06,144,1.38,198.71999999999997,5,4,2013,True,,,False,True
799,800,2013-04-07,136,1.38,187.67999999999998,6,4,2013,True,,,False,True
800,801,2013-04-08,87,1.38,120.05999999999999,0,4,2013,True,,,False,False
801,802,2013-04-09,88,1.38,121.44,1,4,2013,True,,,False,False
802,803,2013-04-10,86,1.38,118.67999999999999,2,4,2013,True,,,False,False
803,804,2013-04-11,80,1.38,110.39999999999999,3,4,2013,False,,,False,False
804,805,2013-04-12,80,1.38,110.39999999999999,4,4,2013,False,,,False,False
805,806,2013-04-13,134,1.38,184.92,5,4,2013,False,,,False,True
806,807,2013-04-14,106,1.38,146.28,6,4,2013,False,,,False,True
807,808,2013-04-15,78,1.38,107.63999999999999,0,4,2013,False,,,False,False
808,809,2013-04-16,53,1.38,73.14,1,4,2013,False,,,False,False
809,810,2013-04-17,48,1.38,66.24,2,4,2013,False,,,False,False
810,811,2013-04-18,47,1.38,64.86,3,4,2013,False,,,False,False
811,812,2013-04-19,75,1.38,103.49999999999999,4,4,2013,False,,,False,False
812,813,2013-04-20,117,1.38,161.45999999999998,5,4,2013,False,,,False,True
813,814,2013-04-21,95,1.38,131.1,6,4,2013,False,,,False,True
814,815,2013-04-22,57,1.38,78.66,0,4,2013,False,,,False,False
815,816,2013-04-23,61,1.38,84.17999999999999,1,4,2013,False,,,False,False
816,817,2013-04-24,42,1.38,57.959999999999994,2,4,2013,False,,,False,False
817,818,2013-04-25,45,1.38,62.099999999999994,3,4,2013,False,,,False,False
818,819,2013-04-26,62,1.38,85.55999999999999,4,4,2013,False,,,False,False
819,820,2013-04-27,101,1.38,139.38,5,4,2013,False,,,False,True
820,821,2013-04-28,87,1.38,120.05999999999999,6,4,2013,False,,,False,True
821,822,2013-04-29,50,1.38,69.0,0,4,2013,False,,,False,False
822,823,2013-04-30,82,1.38,113.16,1,4,2013,False,,,False,False
823,824,2013-05-01,74,1.38,102.11999999999999,2,5,2013,True,,,False,False
824,825,2013-05-02,62,1.38,85.55999999999999,3,5,2013,True,,,False,False
825,826,2013-05-03,85,1.38,117.3,4,5,2013,True,,,False,False
826,827,2013-05-04,125,1.38,172.5,5,5,2013,True,,,False,True
827,828,2013-05-05,95,1.38,131.1,6,5,2013,True,OrthodoxEaster,Religious,True,True
828,829,2013-05-06,82,1.38,113.16,0,5,2013,True,,,False,False
829,830,2013-05-07,85,1.38,117.3,1,5,2013,True,,,False,False
830,831,2013-05-08,73,1.38,100.74,2,5,2013,True,,,False,False
831,832,2013-05-09,64,1.38,88.32,3,5,2013,True,,,False,False
832,833,2013-05-10,86,1.38,118.67999999999999,4,5,2013,True,,,False,False
833,834,2013-05-11,145,1.38,200.1,5,5,2013,False,,,False,True
834,835,2013-05-12,126,1.38,173.88,6,5,2013,False,Mother's day,Cultural,True,True
835,836,2013-05-13,77,1.38,106.25999999999999,0,5,2013,False,,,False,False
836,837,2013-05-14,93,1.38,128.34,1,5,2013,False,,,False,False
837,838,2013-05-15,64,1.38,88.32,2,5,2013,False,,,False,False
838,839,2013-05-16,55,1.38,75.89999999999999,3,5,2013,False,,,False,False
839,840,2013-05-17,113,1.38,155.94,4,5,2013,False,,,False,False
840,841,2013-05-18,95,1.38,131.1,5,5,2013,False,,,False,True
841,842,2013-05-19,82,1.38,113.16,6,5,2013,False,,,False,True
842,843,2013-05-20,41,1.38,56.58,0,5,2013,False,,,False,False
843,844,2013-05-21,40,1.38,55.199999999999996,1,5,2013,False,,,False,False
844,845,2013-05-22,57,1.38,78.66,2,5,2013,False,,,False,False
845,846,2013-05-23,43,1.38,59.339999999999996,3,5,2013,False,,,False,False
846,847,2013-05-24,112,1.38,154.56,4,5,2013,False,,,False,False
847,848,2013-05-25,65,1.38,89.69999999999999,5,5,2013,False,,,False,True
848,849,2013-05-26,116,1.38,160.07999999999998,6,5,2013,False,,,False,True
849,850,2013-05-27,127,1.38,175.26,0,5,2013,False,MemorialDay,National,True,False
850,851,2013-05-28,68,1.38,93.83999999999999,1,5,2013,False,,,False,False
851,852,2013-05-29,34,1.38,46.919999999999995,2,5,2013,False,,,False,False
852,853,2013-05-30,64,1.38,88.32,3,5,2013,False,,,False,False
853,854,2013-05-31,119,1.38,164.22,4,5,2013,False,,,False,False
854,855,2013-06-01,91,1.38,125.57999999999998,5,6,2013,True,,,False,True
855,856,2013-06-02,103,1.38,142.14,6,6,2013,True,,,False,True
856,857,2013-06-03,73,1.38,100.74,0,6,2013,True,,,False,False
857,858,2013-06-04,80,1.38,110.39999999999999,1,6,2013,True,,,False,False
858,859,2013-06-05,53,1.38,73.14,2,6,2013,True,,,False,False
859,860,2013-06-06,49,1.38,67.61999999999999,3,6,2013,True,NBAFinalsStart,Sporting,True,False
860,861,2013-06-07,54,1.38,74.52,4,6,2013,True,,,False,False
861,862,2013-06-08,134,1.38,184.92,5,6,2013,True,,,False,True
862,863,2013-06-09,120,1.38,165.6,6,6,2013,True,,,False,True
863,864,2013-06-10,112,1.38,154.56,0,6,2013,True,,,False,False
864,865,2013-06-11,44,1.38,60.72,1,6,2013,False,,,False,False
865,866,2013-06-12,52,1.38,71.75999999999999,2,6,2013,False,,,False,False
866,867,2013-06-13,138,1.38,190.44,3,6,2013,False,,,False,False
867,868,2013-06-14,117,1.38,161.45999999999998,4,6,2013,False,,,False,False
868,869,2013-06-15,146,1.38,201.48,5,6,2013,False,,,False,True
869,870,2013-06-16,123,1.38,169.73999999999998,6,6,2013,False,Father's day,Cultural,True,True
870,871,2013-06-17,57,1.38,78.66,0,6,2013,False,,,False,False
871,872,2013-06-18,84,1.38,115.91999999999999,1,6,2013,False,,,False,False
872,873,2013-06-19,44,1.38,60.72,2,6,2013,False,,,False,False
873,874,2013-06-20,59,1.38,81.41999999999999,3,6,2013,False,NBAFinalsEnd,Sporting,True,False
874,875,2013-06-21,110,1.38,151.79999999999998,4,6,2013,False,,,False,False
875,876,2013-06-22,127,1.38,175.26,5,6,2013,False,,,False,True
876,877,2013-06-23,65,1.38,89.69999999999999,6,6,2013,False,,,False,True
877,878,2013-06-24,39,1.38,53.81999999999999,0,6,2013,False,,,False,False
878,879,2013-06-25,66,1.38,91.08,1,6,2013,False,,,False,False
879,880,2013-06-26,63,1.38,86.94,2,6,2013,False,,,False,False
880,881,2013-06-27,47,1.38,64.86,3,6,2013,False,,,False,False
881,882,2013-06-28,134,1.38,184.92,4,6,2013,False,,,False,False
882,883,2013-06-29,88,1.38,121.44,5,6,2013,False,,,False,True
883,884,2013-06-30,86,1.38,118.67999999999999,6,6,2013,False,,,False,True
884,885,2013-07-01,86,1.38,118.67999999999999,0,7,2013,True,,,False,False
885,886,2013-07-02,100,1.38,138.0,1,7,2013,True,,,False,False
886,887,2013-07-03,148,1.38,204.23999999999998,2,7,2013,True,,,False,False
887,888,2013-07-04,150,1.38,206.99999999999997,3,7,2013,True,IndependenceDay,National,True,False
888,889,2013-07-05,131,1.38,180.77999999999997,4,7,2013,True,,,False,False
889,890,2013-07-06,118,1.38,162.83999999999997,5,7,2013,True,,,False,True
890,891,2013-07-07,94,1.38,129.72,6,7,2013,True,,,False,True
891,892,2013-07-08,61,1.38,84.17999999999999,0,7,2013,True,,,False,False
892,893,2013-07-09,42,1.38,57.959999999999994,1,7,2013,True,Ramadan starts,Religious,True,False
893,894,2013-07-10,66,1.38,91.08,2,7,2013,True,,,False,False
894,895,2013-07-11,72,1.38,99.35999999999999,3,7,2013,False,,,False,False
895,896,2013-07-12,109,1.38,150.42,4,7,2013,False,,,False,False
896,897,2013-07-13,79,1.38,109.02,5,7,2013,False,,,False,True
897,898,2013-07-14,106,1.38,146.28,6,7,2013,False,,,False,True
898,899,2013-07-15,57,1.38,78.66,0,7,2013,False,,,False,False
899,900,2013-07-16,85,1.38,117.3,1,7,2013,False,,,False,False
900,901,2013-07-17,63,1.38,86.94,2,7,2013,False,,,False,False
901,902,2013-07-18,61,1.38,84.17999999999999,3,7,2013,False,,,False,False
902,903,2013-07-19,136,1.38,187.67999999999998,4,7,2013,False,,,False,False
903,904,2013-07-20,160,1.38,220.79999999999998,5,7,2013,False,,,False,True
904,905,2013-07-21,111,1.38,153.17999999999998,6,7,2013,False,,,False,True
905,906,2013-07-22,77,1.38,106.25999999999999,0,7,2013,False,,,False,False
906,907,2013-07-23,88,1.38,121.44,1,7,2013,False,,,False,False
907,908,2013-07-24,53,1.38,73.14,2,7,2013,False,,,False,False
908,909,2013-07-25,58,1.38,80.03999999999999,3,7,2013,False,,,False,False
909,910,2013-07-26,97,1.38,133.85999999999999,4,7,2013,False,,,False,False
910,911,2013-07-27,84,1.38,115.91999999999999,5,7,2013,False,,,False,True
911,912,2013-07-28,80,1.38,110.39999999999999,6,7,2013,False,,,False,True
912,913,2013-07-29,58,1.38,80.03999999999999,0,7,2013,False,,,False,False
913,914,2013-07-30,100,1.38,138.0,1,7,2013,False,,,False,False
914,915,2013-07-31,66,1.38,91.08,2,7,2013,False,,,False,False
915,916,2013-08-01,93,1.38,128.34,3,8,2013,True,,,False,False
916,917,2013-08-02,138,1.38,190.44,4,8,2013,True,,,False,False
917,918,2013-08-03,101,1.38,139.38,5,8,2013,True,,,False,True
918,919,2013-08-04,127,1.38,175.26,6,8,2013,True,,,False,True
919,920,2013-08-05,69,1.38,95.22,0,8,2013,True,,,False,False
920,921,2013-08-06,81,1.38,111.77999999999999,1,8,2013,True,,,False,False
921,922,2013-08-07,97,1.38,133.85999999999999,2,8,2013,True,,,False,False
922,923,2013-08-08,75,1.38,103.49999999999999,3,8,2013,True,Eid al-Fitr,Religious,True,False
923,924,2013-08-09,95,1.38,131.1,4,8,2013,True,,,False,False
924,925,2013-08-10,109,1.38,150.42,5,8,2013,True,,,False,True
925,926,2013-08-11,116,1.38,160.07999999999998,6,8,2013,False,,,False,True
926,927,2013-08-12,46,1.38,63.48,0,8,2013,False,,,False,False
927,928,2013-08-13,62,1.38,85.55999999999999,1,8,2013,False,,,False,False
928,929,2013-08-14,67,1.38,92.46,2,8,2013,False,,,False,False
929,930,2013-08-15,144,1.38,198.71999999999997,3,8,2013,False,,,False,False
930,931,2013-08-16,116,1.38,160.07999999999998,4,8,2013,False,,,False,False
931,932,2013-08-17,0,1.0,0.0,5,8,2013,False,,,False,True
932,933,2013-08-18,0,1.0,0.0,6,8,2013,False,,,False,True
933,934,2013-08-19,93,1.0,93.0,0,8,2013,False,,,False,False
934,935,2013-08-20,52,1.0,52.0,1,8,2013,False,,,False,False
935,936,2013-08-21,159,1.0,159.0,2,8,2013,False,,,False,False
936,937,2013-08-22,185,1.0,185.0,3,8,2013,False,,,False,False
937,938,2013-08-23,179,1.0,179.0,4,8,2013,False,,,False,False
938,939,2013-08-24,266,1.0,266.0,5,8,2013,False,,,False,True
939,940,2013-08-25,310,1.0,310.0,6,8,2013,False,,,False,True
940,941,2013-08-26,23,1.0,23.0,0,8,2013,False,,,False,False
941,942,2013-08-27,142,1.0,142.0,1,8,2013,False,,,False,False
942,943,2013-08-28,104,1.0,104.0,2,8,2013,False,,,False,False
943,944,2013-08-29,181,1.0,181.0,3,8,2013,False,,,False,False
944,945,2013-08-30,216,1.0,216.0,4,8,2013,False,,,False,False
945,946,2013-08-31,432,1.0,432.0,5,8,2013,False,,,False,True
946,947,2013-09-01,599,1.0,599.0,6,9,2013,True,,,False,True
947,948,2013-09-02,184,1.0,184.0,0,9,2013,True,LaborDay,National,True,False
948,949,2013-09-03,229,1.0,229.0,1,9,2013,True,,,False,False
949,950,2013-09-04,150,1.0,150.0,2,9,2013,True,,,False,False
950,951,2013-09-05,278,1.0,278.0,3,9,2013,True,,,False,False
951,952,2013-09-06,262,1.0,262.0,4,9,2013,True,,,False,False
952,953,2013-09-07,273,1.0,273.0,5,9,2013,True,,,False,True
953,954,2013-09-08,247,1.0,247.0,6,9,2013,True,,,False,True
954,955,2013-09-09,129,1.0,129.0,0,9,2013,True,,,False,False
955,956,2013-09-10,128,1.0,128.0,1,9,2013,True,,,False,False
956,957,2013-09-11,195,1.0,195.0,2,9,2013,False,,,False,False
957,958,2013-09-12,182,1.0,182.0,3,9,2013,False,,,False,False
958,959,2013-09-13,212,1.0,212.0,4,9,2013,False,,,False,False
959,960,2013-09-14,272,1.0,272.0,5,9,2013,False,,,False,True
960,961,2013-09-15,266,1.0,266.0,6,9,2013,False,,,False,True
961,962,2013-09-16,158,1.0,158.0,0,9,2013,False,,,False,False
962,963,2013-09-17,159,1.0,159.0,1,9,2013,False,,,False,False
963,964,2013-09-18,107,1.0,107.0,2,9,2013,False,,,False,False
964,965,2013-09-19,123,1.0,123.0,3,9,2013,False,,,False,False
965,966,2013-09-20,147,1.0,147.0,4,9,2013,False,,,False,False
966,967,2013-09-21,309,1.0,309.0,5,9,2013,False,,,False,True
967,968,2013-09-22,369,1.0,369.0,6,9,2013,False,,,False,True
968,969,2013-09-23,180,1.0,180.0,0,9,2013,False,,,False,False
969,970,2013-09-24,146,1.0,146.0,1,9,2013,False,,,False,False
970,971,2013-09-25,166,1.0,166.0,2,9,2013,False,,,False,False
971,972,2013-09-26,157,1.0,157.0,3,9,2013,False,,,False,False
972,973,2013-09-27,243,1.0,243.0,4,9,2013,False,,,False,False
973,974,2013-09-28,312,1.0,312.0,5,9,2013,False,,,False,True
974,975,2013-09-29,342,1.0,342.0,6,9,2013,False,,,False,True
975,976,2013-09-30,290,1.0,290.0,0,9,2013,False,,,False,False
976,977,2013-10-01,211,1.0,211.0,1,10,2013,True,,,False,False
977,978,2013-10-02,25,1.0,25.0,2,10,2013,True,,,False,False
978,979,2013-10-03,0,1.0,0.0,3,10,2013,True,,,False,False
979,980,2013-10-04,0,1.0,0.0,4,10,2013,True,,,False,False
980,981,2013-10-05,133,1.38,183.54,5,10,2013,True,,,False,True
981,982,2013-10-06,130,1.38,179.39999999999998,6,10,2013,True,,,False,True
982,983,2013-10-07,70,1.38,96.6,0,10,2013,True,,,False,False
983,984,2013-10-08,78,1.38,107.63999999999999,1,10,2013,True,,,False,False
984,985,2013-10-09,77,1.38,106.25999999999999,2,10,2013,True,,,False,False
985,986,2013-10-10,95,1.38,131.1,3,10,2013,True,,,False,False
986,987,2013-10-11,107,1.38,147.66,4,10,2013,False,,,False,False
987,988,2013-10-12,112,1.38,154.56,5,10,2013,False,,,False,True
988,989,2013-10-13,129,1.38,178.01999999999998,6,10,2013,False,,,False,True
989,990,2013-10-14,65,1.38,89.69999999999999,0,10,2013,False,ColumbusDay,National,True,False
990,991,2013-10-15,48,1.38,66.24,1,10,2013,False,EidAlAdha,Religious,True,False
991,992,2013-10-16,53,1.38,73.14,2,10,2013,False,,,False,False
992,993,2013-10-17,74,1.38,102.11999999999999,3,10,2013,False,,,False,False
993,994,2013-10-18,97,1.38,133.85999999999999,4,10,2013,False,,,False,False
994,995,2013-10-19,108,1.38,149.04,5,10,2013,False,,,False,True
995,996,2013-10-20,121,1.38,166.98,6,10,2013,False,,,False,True
996,997,2013-10-21,61,1.38,84.17999999999999,0,10,2013,False,,,False,False
997,998,2013-10-22,55,1.38,75.89999999999999,1,10,2013,False,,,False,False
998,999,2013-10-23,51,1.38,70.38,2,10,2013,False,,,False,False
999,1000,2013-10-24,73,1.38,100.74,3,10,2013,False,,,False,False
1000,1001,2013-10-25,137,1.38,189.05999999999997,4,10,2013,False,,,False,False
1001,1002,2013-10-26,134,1.38,184.92,5,10,2013,False,,,False,True
1002,1003,2013-10-27,99,1.38,136.61999999999998,6,10,2013,False,,,False,True
1003,1004,2013-10-28,77,1.38,106.25999999999999,0,10,2013,False,,,False,False
1004,1005,2013-10-29,57,1.38,78.66,1,10,2013,False,,,False,False
1005,1006,2013-10-30,83,1.38,114.53999999999999,2,10,2013,False,,,False,False
1006,1007,2013-10-31,58,1.38,80.03999999999999,3,10,2013,False,Halloween,Cultural,True,False
1007,1008,2013-11-01,77,1.38,106.25999999999999,4,11,2013,True,,,False,False
1008,1009,2013-11-02,94,1.38,129.72,5,11,2013,True,,,False,True
1009,1010,2013-11-03,96,1.38,132.48,6,11,2013,True,,,False,True
1010,1011,2013-11-04,44,1.38,60.72,0,11,2013,True,,,False,False
1011,1012,2013-11-05,82,1.38,113.16,1,11,2013,True,,,False,False
1012,1013,2013-11-06,72,1.38,99.35999999999999,2,11,2013,True,,,False,False
1013,1014,2013-11-07,88,1.38,121.44,3,11,2013,True,,,False,False
1014,1015,2013-11-08,94,1.38,129.72,4,11,2013,True,,,False,False
1015,1016,2013-11-09,126,1.38,173.88,5,11,2013,True,,,False,True
1016,1017,2013-11-10,105,1.38,144.89999999999998,6,11,2013,True,,,False,True
1017,1018,2013-11-11,89,1.38,122.82,0,11,2013,False,VeteransDay,National,True,False
1018,1019,2013-11-12,61,1.38,84.17999999999999,1,11,2013,False,,,False,False
1019,1020,2013-11-13,1,1.38,1.38,2,11,2013,False,,,False,False
1020,1021,2013-11-14,0,1.38,0.0,3,11,2013,False,,,False,False
1021,1022,2013-11-15,0,1.38,0.0,4,11,2013,False,,,False,False
1022,1023,2013-11-16,0,1.38,0.0,5,11,2013,False,,,False,True
1023,1024,2013-11-17,0,1.38,0.0,6,11,2013,False,,,False,True
1024,1025,2013-11-18,0,1.38,0.0,0,11,2013,False,,,False,False
1025,1026,2013-11-19,0,1.38,0.0,1,11,2013,False,,,False,False
1026,1027,2013-11-20,0,1.38,0.0,2,11,2013,False,,,False,False
1027,1028,2013-11-21,0,1.38,0.0,3,11,2013,False,,,False,False
1028,1029,2013-11-22,0,1.38,0.0,4,11,2013,False,,,False,False
1029,1030,2013-11-23,0,1.38,0.0,5,11,2013,False,,,False,True
1030,1031,2013-11-24,0,1.38,0.0,6,11,2013,False,,,False,True
1031,1032,2013-11-25,0,1.38,0.0,0,11,2013,False,,,False,False
1032,1033,2013-11-26,0,1.38,0.0,1,11,2013,False,,,False,False
1033,1034,2013-11-27,0,1.38,0.0,2,11,2013,False,,,False,False
1034,1035,2013-11-28,0,1.38,0.0,3,11,2013,False,Thanksgiving,National,True,False
1035,1036,2013-11-29,0,1.38,0.0,4,11,2013,False,,,False,False
1036,1037,2013-11-30,0,1.0,0.0,5,11,2013,False,,,False,True
1037,1038,2013-12-01,0,1.0,0.0,6,12,2013,True,,,False,True
1038,1039,2013-12-02,273,1.0,273.0,0,12,2013,True,,,False,False
1039,1040,2013-12-03,155,1.0,155.0,1,12,2013,True,,,False,False
1040,1041,2013-12-04,121,1.0,121.0,2,12,2013,True,,,False,False
1041,1042,2013-12-05,171,1.0,171.0,3,12,2013,True,Chanukah End,Religious,True,False
1042,1043,2013-12-06,162,1.0,162.0,4,12,2013,True,,,False,False
1043,1044,2013-12-07,240,1.0,240.0,5,12,2013,True,,,False,True
1044,1045,2013-12-08,0,1.0,0.0,6,12,2013,True,,,False,True
1045,1046,2013-12-09,0,1.0,0.0,0,12,2013,True,,,False,False
1046,1047,2013-12-10,0,1.0,0.0,1,12,2013,True,,,False,False
1047,1048,2013-12-11,0,1.0,0.0,2,12,2013,False,,,False,False
1048,1049,2013-12-12,0,1.0,0.0,3,12,2013,False,,,False,False
1049,1050,2013-12-13,0,1.0,0.0,4,12,2013,False,,,False,False
1050,1051,2013-12-14,0,1.0,0.0,5,12,2013,False,,,False,True
1051,1052,2013-12-15,0,1.0,0.0,6,12,2013,False,,,False,True
1052,1053,2013-12-16,0,1.0,0.0,0,12,2013,False,,,False,False
1053,1054,2013-12-17,0,1.0,0.0,1,12,2013,False,,,False,False
1054,1055,2013-12-18,0,1.0,0.0,2,12,2013,False,,,False,False
1055,1056,2013-12-19,0,1.0,0.0,3,12,2013,False,,,False,False
1056,1057,2013-12-20,0,1.0,0.0,4,12,2013,False,,,False,False
1057,1058,2013-12-21,0,1.38,0.0,5,12,2013,False,,,False,True
1058,1059,2013-12-22,0,1.38,0.0,6,12,2013,False,,,False,True
1059,1060,2013-12-23,0,1.38,0.0,0,12,2013,False,,,False,False
1060,1061,2013-12-24,0,1.38,0.0,1,12,2013,False,,,False,False
1061,1062,2013-12-25,0,1.38,0.0,2,12,2013,False,Christmas,National,True,False
1062,1063,2013-12-26,148,1.38,204.23999999999998,3,12,2013,False,,,False,False
1063,1064,2013-12-27,74,1.38,102.11999999999999,4,12,2013,False,,,False,False
1064,1065,2013-12-28,110,1.38,151.79999999999998,5,12,2013,False,,,False,True
1065,1066,2013-12-29,85,1.38,117.3,6,12,2013,False,,,False,True
1066,1067,2013-12-30,142,1.38,195.95999999999998,0,12,2013,False,,,False,False
1067,1068,2013-12-31,278,1.38,383.64,1,12,2013,False,,,False,False
1068,1069,2014-01-01,58,1.38,80.03999999999999,2,1,2014,True,NewYear,National,True,False
1069,1070,2014-01-02,66,1.38,91.08,3,1,2014,True,,,False,False
1070,1071,2014-01-03,83,1.38,114.53999999999999,4,1,2014,True,,,False,False
1071,1072,2014-01-04,101,1.38,139.38,5,1,2014,True,,,False,True
1072,1073,2014-01-05,101,1.38,139.38,6,1,2014,True,,,False,True
1073,1074,2014-01-06,85,1.38,117.3,0,1,2014,True,,,False,False
1074,1075,2014-01-07,56,1.38,77.28,1,1,2014,True,OrthodoxChristmas,Religious,True,False
1075,1076,2014-01-08,6,1.38,8.28,2,1,2014,True,,,False,False
1076,1077,2014-01-09,0,1.38,0.0,3,1,2014,True,,,False,False
1077,1078,2014-01-10,0,1.38,0.0,4,1,2014,True,,,False,False
1078,1079,2014-01-11,90,1.44,129.6,5,1,2014,False,,,False,True
1079,1080,2014-01-12,83,1.44,119.52,6,1,2014,False,,,False,True
1080,1081,2014-01-13,35,1.44,50.4,0,1,2014,False,,,False,False
1081,1082,2014-01-14,62,1.44,89.28,1,1,2014,False,,,False,False
1082,1083,2014-01-15,48,1.44,69.12,2,1,2014,False,,,False,False
1083,1084,2014-01-16,59,1.44,84.96,3,1,2014,False,,,False,False
1084,1085,2014-01-17,187,1.44,269.28,4,1,2014,False,,,False,False
1085,1086,2014-01-18,119,1.44,171.35999999999999,5,1,2014,False,,,False,True
1086,1087,2014-01-19,117,1.44,168.48,6,1,2014,False,,,False,True
1087,1088,2014-01-20,48,1.44,69.12,0,1,2014,False,MartinLutherKingDay,National,True,False
1088,1089,2014-01-21,32,1.44,46.08,1,1,2014,False,,,False,False
1089,1090,2014-01-22,58,1.44,83.52,2,1,2014,False,,,False,False
1090,1091,2014-01-23,60,1.44,86.39999999999999,3,1,2014,False,,,False,False
1091,1092,2014-01-24,81,1.44,116.64,4,1,2014,False,,,False,False
1092,1093,2014-01-25,79,1.44,113.75999999999999,5,1,2014,False,,,False,True
1093,1094,2014-01-26,79,1.44,113.75999999999999,6,1,2014,False,,,False,True
1094,1095,2014-01-27,34,1.44,48.96,0,1,2014,False,,,False,False
1095,1096,2014-01-28,52,1.44,74.88,1,1,2014,False,,,False,False
1096,1097,2014-01-29,45,1.44,64.8,2,1,2014,False,,,False,False
1097,1098,2014-01-30,48,1.44,69.12,3,1,2014,False,,,False,False
1098,1099,2014-01-31,80,1.44,115.19999999999999,4,1,2014,False,,,False,False
1099,1100,2014-02-01,151,1.44,217.44,5,2,2014,True,,,False,True
1100,1101,2014-02-02,127,1.44,182.88,6,2,2014,True,SuperBowl,Sporting,True,True
1101,1102,2014-02-03,99,1.44,142.56,0,2,2014,True,,,False,False
1102,1103,2014-02-04,43,1.44,61.919999999999995,1,2,2014,True,,,False,False
1103,1104,2014-02-05,62,1.44,89.28,2,2,2014,True,,,False,False
1104,1105,2014-02-06,53,1.44,76.32,3,2,2014,True,,,False,False
1105,1106,2014-02-07,2,1.44,2.88,4,2,2014,True,,,False,False
1106,1107,2014-02-08,0,1.44,0.0,5,2,2014,True,,,False,True
1107,1108,2014-02-09,0,1.44,0.0,6,2,2014,True,,,False,True
1108,1109,2014-02-10,0,1.44,0.0,0,2,2014,True,,,False,False
1109,1110,2014-02-11,0,1.44,0.0,1,2,2014,False,,,False,False
1110,1111,2014-02-12,0,1.44,0.0,2,2,2014,False,,,False,False
1111,1112,2014-02-13,0,1.44,0.0,3,2,2014,False,,,False,False
1112,1113,2014-02-14,0,1.44,0.0,4,2,2014,False,ValentinesDay,Cultural,True,False
1113,1114,2014-02-15,0,1.44,0.0,5,2,2014,False,,,False,True
1114,1115,2014-02-16,0,1.44,0.0,6,2,2014,False,,,False,True
1115,1116,2014-02-17,0,1.44,0.0,0,2,2014,False,PresidentsDay,National,True,False
1116,1117,2014-02-18,0,1.44,0.0,1,2,2014,False,,,False,False
1117,1118,2014-02-19,0,1.44,0.0,2,2,2014,False,,,False,False
1118,1119,2014-02-20,0,1.44,0.0,3,2,2014,False,,,False,False
1119,1120,2014-02-21,0,1.44,0.0,4,2,2014,False,,,False,False
1120,1121,2014-02-22,0,1.44,0.0,5,2,2014,False,,,False,True
1121,1122,2014-02-23,0,1.44,0.0,6,2,2014,False,,,False,True
1122,1123,2014-02-24,0,1.44,0.0,0,2,2014,False,,,False,False
1123,1124,2014-02-25,0,1.44,0.0,1,2,2014,False,,,False,False
1124,1125,2014-02-26,0,1.44,0.0,2,2,2014,False,,,False,False
1125,1126,2014-02-27,0,1.44,0.0,3,2,2014,False,,,False,False
1126,1127,2014-02-28,0,1.44,0.0,4,2,2014,False,,,False,False
1127,1128,2014-03-01,0,1.44,0.0,5,3,2014,True,,,False,True
1128,1129,2014-03-02,0,1.44,0.0,6,3,2014,True,,,False,True
1129,1130,2014-03-03,0,1.44,0.0,0,3,2014,True,,,False,False
1130,1131,2014-03-04,0,1.44,0.0,1,3,2014,True,,,False,False
1131,1132,2014-03-05,0,1.44,0.0,2,3,2014,True,LentStart,Religious,True,False
1132,1133,2014-03-06,0,1.44,0.0,3,3,2014,True,,,False,False
1133,1134,2014-03-07,0,1.44,0.0,4,3,2014,True,,,False,False
1134,1135,2014-03-08,0,1.44,0.0,5,3,2014,True,,,False,True
1135,1136,2014-03-09,129,1.44,185.76,6,3,2014,True,,,False,True
1136,1137,2014-03-10,65,1.44,93.6,0,3,2014,True,,,False,False
1137,1138,2014-03-11,52,1.44,74.88,1,3,2014,False,,,False,False
1138,1139,2014-03-12,70,1.44,100.8,2,3,2014,False,LentWeek2,Religious,True,False
1139,1140,2014-03-13,51,1.44,73.44,3,3,2014,False,,,False,False
1140,1141,2014-03-14,63,1.44,90.72,4,3,2014,False,,,False,False
1141,1142,2014-03-15,85,1.44,122.39999999999999,5,3,2014,False,,,False,True
1142,1143,2014-03-16,69,1.44,99.36,6,3,2014,False,Purim End,Religious,True,True
1143,1144,2014-03-17,64,1.44,92.16,0,3,2014,False,StPatricksDay,Cultural,True,False
1144,1145,2014-03-18,30,1.44,43.199999999999996,1,3,2014,False,,,False,False
1145,1146,2014-03-19,67,1.44,96.47999999999999,2,3,2014,False,,,False,False
1146,1147,2014-03-20,49,1.44,70.56,3,3,2014,False,,,False,False
1147,1148,2014-03-21,82,1.44,118.08,4,3,2014,False,,,False,False
1148,1149,2014-03-22,79,1.44,113.75999999999999,5,3,2014,False,,,False,True
1149,1150,2014-03-23,63,1.44,90.72,6,3,2014,False,,,False,True
1150,1151,2014-03-24,68,1.44,97.92,0,3,2014,False,,,False,False
1151,1152,2014-03-25,44,1.44,63.36,1,3,2014,False,,,False,False
1152,1153,2014-03-26,26,1.44,37.44,2,3,2014,False,,,False,False
1153,1154,2014-03-27,42,1.44,60.48,3,3,2014,False,,,False,False
1154,1155,2014-03-28,43,1.44,61.919999999999995,4,3,2014,False,,,False,False
1155,1156,2014-03-29,72,1.44,103.67999999999999,5,3,2014,False,,,False,True
1156,1157,2014-03-30,79,1.44,113.75999999999999,6,3,2014,False,,,False,True
1157,1158,2014-03-31,43,1.44,61.919999999999995,0,3,2014,False,,,False,False
1158,1159,2014-04-01,36,1.44,51.839999999999996,1,4,2014,True,,,False,False
1159,1160,2014-04-02,37,1.44,53.28,2,4,2014,True,,,False,False
1160,1161,2014-04-03,47,1.44,67.67999999999999,3,4,2014,True,,,False,False
1161,1162,2014-04-04,97,1.44,139.68,4,4,2014,True,,,False,False
1162,1163,2014-04-05,108,1.44,155.51999999999998,5,4,2014,True,,,False,True
1163,1164,2014-04-06,87,1.44,125.28,6,4,2014,True,,,False,True
1164,1165,2014-04-07,55,1.44,79.2,0,4,2014,True,,,False,False
1165,1166,2014-04-08,64,1.44,92.16,1,4,2014,True,,,False,False
1166,1167,2014-04-09,36,1.44,51.839999999999996,2,4,2014,True,,,False,False
1167,1168,2014-04-10,47,1.44,67.67999999999999,3,4,2014,True,,,False,False
1168,1169,2014-04-11,101,1.44,145.44,4,4,2014,False,,,False,False
1169,1170,2014-04-12,104,1.44,149.76,5,4,2014,False,,,False,True
1170,1171,2014-04-13,65,1.44,93.6,6,4,2014,False,,,False,True
1171,1172,2014-04-14,70,1.44,100.8,0,4,2014,False,,,False,False
1172,1173,2014-04-15,47,1.44,67.67999999999999,1,4,2014,False,,,False,False
1173,1174,2014-04-16,87,1.44,125.28,2,4,2014,False,,,False,False
1174,1175,2014-04-17,68,1.44,97.92,3,4,2014,False,,,False,False
1175,1176,2014-04-18,70,1.44,100.8,4,4,2014,False,,,False,False
1176,1177,2014-04-19,131,1.44,188.64,5,4,2014,False,,,False,True
1177,1178,2014-04-20,165,1.44,237.6,6,4,2014,False,Easter,Cultural,True,True
1178,1179,2014-04-21,30,1.44,43.199999999999996,0,4,2014,False,,,False,False
1179,1180,2014-04-22,72,1.44,103.67999999999999,1,4,2014,False,Pesach End,Religious,True,False
1180,1181,2014-04-23,24,1.44,34.56,2,4,2014,False,,,False,False
1181,1182,2014-04-24,59,1.44,84.96,3,4,2014,False,,,False,False
1182,1183,2014-04-25,130,1.44,187.2,4,4,2014,False,,,False,False
1183,1184,2014-04-26,93,1.44,133.92,5,4,2014,False,,,False,True
1184,1185,2014-04-27,85,1.44,122.39999999999999,6,4,2014,False,,,False,True
1185,1186,2014-04-28,49,1.44,70.56,0,4,2014,False,,,False,False
1186,1187,2014-04-29,65,1.44,93.6,1,4,2014,False,,,False,False
1187,1188,2014-04-30,59,1.44,84.96,2,4,2014,False,,,False,False
1188,1189,2014-05-01,64,1.44,92.16,3,5,2014,True,,,False,False
1189,1190,2014-05-02,99,1.44,142.56,4,5,2014,True,,,False,False
1190,1191,2014-05-03,88,1.44,126.72,5,5,2014,True,,,False,True
1191,1192,2014-05-04,99,1.44,142.56,6,5,2014,True,,,False,True
1192,1193,2014-05-05,60,1.44,86.39999999999999,0,5,2014,True,Cinco De Mayo,Cultural,True,False
1193,1194,2014-05-06,49,1.44,70.56,1,5,2014,True,,,False,False
1194,1195,2014-05-07,33,1.44,47.519999999999996,2,5,2014,True,,,False,False
1195,1196,2014-05-08,71,1.44,102.24,3,5,2014,True,,,False,False
1196,1197,2014-05-09,77,1.44,110.88,4,5,2014,True,,,False,False
1197,1198,2014-05-10,78,1.44,112.32,5,5,2014,True,,,False,True
1198,1199,2014-05-11,118,1.44,169.92,6,5,2014,False,Mother's day,Cultural,True,True
1199,1200,2014-05-12,54,1.44,77.75999999999999,0,5,2014,False,,,False,False
1200,1201,2014-05-13,0,1.44,0.0,1,5,2014,False,,,False,False
1201,1202,2014-05-14,0,1.44,0.0,2,5,2014,False,,,False,False
1202,1203,2014-05-15,0,1.44,0.0,3,5,2014,False,,,False,False
1203,1204,2014-05-16,0,1.44,0.0,4,5,2014,False,,,False,False
1204,1205,2014-05-17,0,1.44,0.0,5,5,2014,False,,,False,True
1205,1206,2014-05-18,0,1.44,0.0,6,5,2014,False,,,False,True
1206,1207,2014-05-19,0,1.44,0.0,0,5,2014,False,,,False,False
1207,1208,2014-05-20,0,1.44,0.0,1,5,2014,False,,,False,False
1208,1209,2014-05-21,0,1.44,0.0,2,5,2014,False,,,False,False
1209,1210,2014-05-22,0,1.44,0.0,3,5,2014,False,,,False,False
1210,1211,2014-05-23,0,1.44,0.0,4,5,2014,False,,,False,False
1211,1212,2014-05-24,0,1.44,0.0,5,5,2014,False,,,False,True
1212,1213,2014-05-25,0,1.44,0.0,6,5,2014,False,,,False,True
1213,1214,2014-05-26,0,1.44,0.0,0,5,2014,False,MemorialDay,National,True,False
1214,1215,2014-05-27,0,1.44,0.0,1,5,2014,False,,,False,False
1215,1216,2014-05-28,0,1.44,0.0,2,5,2014,False,,,False,False
1216,1217,2014-05-29,0,1.44,0.0,3,5,2014,False,,,False,False
1217,1218,2014-05-30,0,1.44,0.0,4,5,2014,False,,,False,False
1218,1219,2014-05-31,0,1.44,0.0,5,5,2014,False,,,False,True
1219,1220,2014-06-01,0,1.44,0.0,6,6,2014,True,,,False,True
1220,1221,2014-06-02,0,1.44,0.0,0,6,2014,True,,,False,False
1221,1222,2014-06-03,0,1.44,0.0,1,6,2014,True,,,False,False
1222,1223,2014-06-04,0,1.44,0.0,2,6,2014,True,,,False,False
1223,1224,2014-06-05,0,1.44,0.0,3,6,2014,True,NBAFinalsStart,Sporting,True,False
1224,1225,2014-06-06,0,1.44,0.0,4,6,2014,True,,,False,False
1225,1226,2014-06-07,0,1.44,0.0,5,6,2014,True,,,False,True
1226,1227,2014-06-08,0,1.44,0.0,6,6,2014,True,,,False,True
1227,1228,2014-06-09,0,1.44,0.0,0,6,2014,True,,,False,False
1228,1229,2014-06-10,0,1.44,0.0,1,6,2014,True,,,False,False
1229,1230,2014-06-11,60,1.44,86.39999999999999,2,6,2014,False,,,False,False
1230,1231,2014-06-12,81,1.44,116.64,3,6,2014,False,,,False,False
1231,1232,2014-06-13,100,1.44,144.0,4,6,2014,False,,,False,False
1232,1233,2014-06-14,94,1.44,135.35999999999999,5,6,2014,False,,,False,True
1233,1234,2014-06-15,114,1.44,164.16,6,6,2014,False,NBAFinalsEnd,Sporting,True,True
1234,1235,2014-06-16,49,1.44,70.56,0,6,2014,False,,,False,False
1235,1236,2014-06-17,20,1.44,28.799999999999997,1,6,2014,False,,,False,False
1236,1237,2014-06-18,59,1.44,84.96,2,6,2014,False,,,False,False
1237,1238,2014-06-19,62,1.44,89.28,3,6,2014,False,,,False,False
1238,1239,2014-06-20,139,1.44,200.16,4,6,2014,False,,,False,False
1239,1240,2014-06-21,101,1.44,145.44,5,6,2014,False,,,False,True
1240,1241,2014-06-22,115,1.44,165.6,6,6,2014,False,,,False,True
1241,1242,2014-06-23,34,1.44,48.96,0,6,2014,False,,,False,False
1242,1243,2014-06-24,71,1.44,102.24,1,6,2014,False,,,False,False
1243,1244,2014-06-25,96,1.44,138.24,2,6,2014,False,,,False,False
1244,1245,2014-06-26,74,1.44,106.56,3,6,2014,False,,,False,False
1245,1246,2014-06-27,96,1.44,138.24,4,6,2014,False,,,False,False
1246,1247,2014-06-28,86,1.44,123.83999999999999,5,6,2014,False,,,False,True
1247,1248,2014-06-29,124,1.44,178.56,6,6,2014,False,Ramadan starts,Religious,True,True
1248,1249,2014-06-30,55,1.44,79.2,0,6,2014,False,,,False,False
1249,1250,2014-07-01,41,1.44,59.04,1,7,2014,True,,,False,False
1250,1251,2014-07-02,76,1.44,109.44,2,7,2014,True,,,False,False
1251,1252,2014-07-03,112,1.44,161.28,3,7,2014,True,,,False,False
1252,1253,2014-07-04,153,1.44,220.32,4,7,2014,True,IndependenceDay,National,True,False
1253,1254,2014-07-05,74,1.44,106.56,5,7,2014,True,,,False,True
1254,1255,2014-07-06,96,1.44,138.24,6,7,2014,True,,,False,True
1255,1256,2014-07-07,108,1.44,155.51999999999998,0,7,2014,True,,,False,False
1256,1257,2014-07-08,42,1.44,60.48,1,7,2014,True,,,False,False
1257,1258,2014-07-09,65,1.44,93.6,2,7,2014,True,,,False,False
1258,1259,2014-07-10,64,1.44,92.16,3,7,2014,True,,,False,False
1259,1260,2014-07-11,109,1.44,156.96,4,7,2014,False,,,False,False
1260,1261,2014-07-12,101,1.44,145.44,5,7,2014,False,,,False,True
1261,1262,2014-07-13,96,1.44,138.24,6,7,2014,False,,,False,True
1262,1263,2014-07-14,73,1.44,105.11999999999999,0,7,2014,False,,,False,False
1263,1264,2014-07-15,92,1.44,132.48,1,7,2014,False,,,False,False
1264,1265,2014-07-16,61,1.44,87.84,2,7,2014,False,,,False,False
1265,1266,2014-07-17,84,1.44,120.96,3,7,2014,False,,,False,False
1266,1267,2014-07-18,137,1.44,197.28,4,7,2014,False,,,False,False
1267,1268,2014-07-19,89,1.44,128.16,5,7,2014,False,,,False,True
1268,1269,2014-07-20,95,1.44,136.79999999999998,6,7,2014,False,,,False,True
1269,1270,2014-07-21,31,1.44,44.64,0,7,2014,False,,,False,False
1270,1271,2014-07-22,40,1.44,57.599999999999994,1,7,2014,False,,,False,False
1271,1272,2014-07-23,57,1.44,82.08,2,7,2014,False,,,False,False
1272,1273,2014-07-24,63,1.44,90.72,3,7,2014,False,,,False,False
1273,1274,2014-07-25,110,1.44,158.4,4,7,2014,False,,,False,False
1274,1275,2014-07-26,57,1.44,82.08,5,7,2014,False,,,False,True
1275,1276,2014-07-27,97,1.44,139.68,6,7,2014,False,,,False,True
1276,1277,2014-07-28,37,1.44,53.28,0,7,2014,False,,,False,False
1277,1278,2014-07-29,71,1.44,102.24,1,7,2014,False,Eid al-Fitr,Religious,True,False
1278,1279,2014-07-30,42,1.44,60.48,2,7,2014,False,,,False,False
1279,1280,2014-07-31,45,1.44,64.8,3,7,2014,False,,,False,False
1280,1281,2014-08-01,70,1.44,100.8,4,8,2014,True,,,False,False
1281,1282,2014-08-02,82,1.44,118.08,5,8,2014,True,,,False,True
1282,1283,2014-08-03,100,1.44,144.0,6,8,2014,True,,,False,True
1283,1284,2014-08-04,65,1.44,93.6,0,8,2014,True,,,False,False
1284,1285,2014-08-05,51,1.44,73.44,1,8,2014,True,,,False,False
1285,1286,2014-08-06,52,1.44,74.88,2,8,2014,True,,,False,False
1286,1287,2014-08-07,67,1.44,96.47999999999999,3,8,2014,True,,,False,False
1287,1288,2014-08-08,83,1.44,119.52,4,8,2014,True,,,False,False
1288,1289,2014-08-09,104,1.44,149.76,5,8,2014,True,,,False,True
1289,1290,2014-08-10,77,1.44,110.88,6,8,2014,True,,,False,True
1290,1291,2014-08-11,25,1.44,36.0,0,8,2014,False,,,False,False
1291,1292,2014-08-12,37,1.44,53.28,1,8,2014,False,,,False,False
1292,1293,2014-08-13,61,1.44,87.84,2,8,2014,False,,,False,False
1293,1294,2014-08-14,47,1.44,67.67999999999999,3,8,2014,False,,,False,False
1294,1295,2014-08-15,117,1.44,168.48,4,8,2014,False,,,False,False
1295,1296,2014-08-16,75,1.44,108.0,5,8,2014,False,,,False,True
1296,1297,2014-08-17,77,1.44,110.88,6,8,2014,False,,,False,True
1297,1298,2014-08-18,66,1.44,95.03999999999999,0,8,2014,False,,,False,False
1298,1299,2014-08-19,74,1.44,106.56,1,8,2014,False,,,False,False
1299,1300,2014-08-20,50,1.44,72.0,2,8,2014,False,,,False,False
1300,1301,2014-08-21,74,1.44,106.56,3,8,2014,False,,,False,False
1301,1302,2014-08-22,79,1.44,113.75999999999999,4,8,2014,False,,,False,False
1302,1303,2014-08-23,93,1.44,133.92,5,8,2014,False,,,False,True
1303,1304,2014-08-24,112,1.44,161.28,6,8,2014,False,,,False,True
1304,1305,2014-08-25,70,1.44,100.8,0,8,2014,False,,,False,False
1305,1306,2014-08-26,46,1.44,66.24,1,8,2014,False,,,False,False
1306,1307,2014-08-27,47,1.44,67.67999999999999,2,8,2014,False,,,False,False
1307,1308,2014-08-28,59,1.44,84.96,3,8,2014,False,,,False,False
1308,1309,2014-08-29,134,1.44,192.95999999999998,4,8,2014,False,,,False,False
1309,1310,2014-08-30,98,1.44,141.12,5,8,2014,False,,,False,True
1310,1311,2014-08-31,91,1.44,131.04,6,8,2014,False,,,False,True
1311,1312,2014-09-01,84,1.44,120.96,0,9,2014,True,LaborDay,National,True,False
1312,1313,2014-09-02,50,1.44,72.0,1,9,2014,True,,,False,False
1313,1314,2014-09-03,52,1.44,74.88,2,9,2014,True,,,False,False
1314,1315,2014-09-04,51,1.44,73.44,3,9,2014,True,,,False,False
1315,1316,2014-09-05,83,1.44,119.52,4,9,2014,True,,,False,False
1316,1317,2014-09-06,99,1.44,142.56,5,9,2014,True,,,False,True
1317,1318,2014-09-07,88,1.44,126.72,6,9,2014,True,,,False,True
1318,1319,2014-09-08,102,1.44,146.88,0,9,2014,True,,,False,False
1319,1320,2014-09-09,49,1.44,70.56,1,9,2014,True,,,False,False
1320,1321,2014-09-10,52,1.44,74.88,2,9,2014,True,,,False,False
1321,1322,2014-09-11,111,1.44,159.84,3,9,2014,False,,,False,False
1322,1323,2014-09-12,92,1.44,132.48,4,9,2014,False,,,False,False
1323,1324,2014-09-13,112,1.44,161.28,5,9,2014,False,,,False,True
1324,1325,2014-09-14,95,1.44,136.79999999999998,6,9,2014,False,,,False,True
1325,1326,2014-09-15,52,1.44,74.88,0,9,2014,False,,,False,False
1326,1327,2014-09-16,114,1.44,164.16,1,9,2014,False,,,False,False
1327,1328,2014-09-17,80,1.44,115.19999999999999,2,9,2014,False,,,False,False
1328,1329,2014-09-18,55,1.44,79.2,3,9,2014,False,,,False,False
1329,1330,2014-09-19,86,1.44,123.83999999999999,4,9,2014,False,,,False,False
1330,1331,2014-09-20,138,1.44,198.72,5,9,2014,False,,,False,True
1331,1332,2014-09-21,108,1.44,155.51999999999998,6,9,2014,False,,,False,True
1332,1333,2014-09-22,92,1.44,132.48,0,9,2014,False,,,False,False
1333,1334,2014-09-23,79,1.44,113.75999999999999,1,9,2014,False,,,False,False
1334,1335,2014-09-24,87,1.44,125.28,2,9,2014,False,,,False,False
1335,1336,2014-09-25,71,1.44,102.24,3,9,2014,False,,,False,False
1336,1337,2014-09-26,123,1.44,177.12,4,9,2014,False,,,False,False
1337,1338,2014-09-27,114,1.44,164.16,5,9,2014,False,,,False,True
1338,1339,2014-09-28,97,1.44,139.68,6,9,2014,False,,,False,True
1339,1340,2014-09-29,62,1.44,89.28,0,9,2014,False,,,False,False
1340,1341,2014-09-30,93,1.44,133.92,1,9,2014,False,,,False,False
1341,1342,2014-10-01,57,1.44,82.08,2,10,2014,True,,,False,False
1342,1343,2014-10-02,64,1.44,92.16,3,10,2014,True,,,False,False
1343,1344,2014-10-03,115,1.44,165.6,4,10,2014,True,,,False,False
1344,1345,2014-10-04,126,1.44,181.44,5,10,2014,True,EidAlAdha,Religious,True,True
1345,1346,2014-10-05,115,1.44,165.6,6,10,2014,True,,,False,True
1346,1347,2014-10-06,171,1.44,246.23999999999998,0,10,2014,True,,,False,False
1347,1348,2014-10-07,62,1.44,89.28,1,10,2014,True,,,False,False
1348,1349,2014-10-08,56,1.44,80.64,2,10,2014,True,,,False,False
1349,1350,2014-10-09,116,1.44,167.04,3,10,2014,True,,,False,False
1350,1351,2014-10-10,119,1.44,171.35999999999999,4,10,2014,True,,,False,False
1351,1352,2014-10-11,179,1.44,257.76,5,10,2014,False,,,False,True
1352,1353,2014-10-12,118,1.44,169.92,6,10,2014,False,,,False,True
1353,1354,2014-10-13,88,1.44,126.72,0,10,2014,False,ColumbusDay,National,True,False
1354,1355,2014-10-14,69,1.44,99.36,1,10,2014,False,,,False,False
1355,1356,2014-10-15,65,1.44,93.6,2,10,2014,False,,,False,False
1356,1357,2014-10-16,41,1.44,59.04,3,10,2014,False,,,False,False
1357,1358,2014-10-17,0,1.44,0.0,4,10,2014,False,,,False,False
1358,1359,2014-10-18,126,1.48,186.48,5,10,2014,False,,,False,True
1359,1360,2014-10-19,134,1.48,198.32,6,10,2014,False,,,False,True
1360,1361,2014-10-20,72,1.48,106.56,0,10,2014,False,,,False,False
1361,1362,2014-10-21,66,1.48,97.67999999999999,1,10,2014,False,,,False,False
1362,1363,2014-10-22,85,1.48,125.8,2,10,2014,False,,,False,False
1363,1364,2014-10-23,57,1.48,84.36,3,10,2014,False,,,False,False
1364,1365,2014-10-24,114,1.48,168.72,4,10,2014,False,,,False,False
1365,1366,2014-10-25,122,1.48,180.56,5,10,2014,False,,,False,True
1366,1367,2014-10-26,129,1.48,190.92,6,10,2014,False,,,False,True
1367,1368,2014-10-27,106,1.48,156.88,0,10,2014,False,,,False,False
1368,1369,2014-10-28,72,1.48,106.56,1,10,2014,False,,,False,False
1369,1370,2014-10-29,61,1.48,90.28,2,10,2014,False,,,False,False
1370,1371,2014-10-30,70,1.48,103.6,3,10,2014,False,,,False,False
1371,1372,2014-10-31,122,1.48,180.56,4,10,2014,False,Halloween,Cultural,True,False
1372,1373,2014-11-01,127,1.48,187.96,5,11,2014,True,,,False,True
1373,1374,2014-11-02,109,1.48,161.32,6,11,2014,True,,,False,True
1374,1375,2014-11-03,92,1.48,136.16,0,11,2014,True,,,False,False
1375,1376,2014-11-04,85,1.48,125.8,1,11,2014,True,,,False,False
1376,1377,2014-11-05,45,1.48,66.6,2,11,2014,True,,,False,False
1377,1378,2014-11-06,72,1.48,106.56,3,11,2014,True,,,False,False
1378,1379,2014-11-07,56,1.48,82.88,4,11,2014,True,,,False,False
1379,1380,2014-11-08,103,1.48,152.44,5,11,2014,True,,,False,True
1380,1381,2014-11-09,89,1.48,131.72,6,11,2014,True,,,False,True
1381,1382,2014-11-10,57,1.48,84.36,0,11,2014,True,,,False,False
1382,1383,2014-11-11,74,1.48,109.52,1,11,2014,False,VeteransDay,National,True,False
1383,1384,2014-11-12,46,1.48,68.08,2,11,2014,False,,,False,False
1384,1385,2014-11-13,46,1.48,68.08,3,11,2014,False,,,False,False
1385,1386,2014-11-14,93,1.48,137.64,4,11,2014,False,,,False,False
1386,1387,2014-11-15,85,1.48,125.8,5,11,2014,False,,,False,True
1387,1388,2014-11-16,69,1.48,102.12,6,11,2014,False,,,False,True
1388,1389,2014-11-17,53,1.48,78.44,0,11,2014,False,,,False,False
1389,1390,2014-11-18,57,1.48,84.36,1,11,2014,False,,,False,False
1390,1391,2014-11-19,47,1.48,69.56,2,11,2014,False,,,False,False
1391,1392,2014-11-20,70,1.48,103.6,3,11,2014,False,,,False,False
1392,1393,2014-11-21,79,1.48,116.92,4,11,2014,False,,,False,False
1393,1394,2014-11-22,94,1.48,139.12,5,11,2014,False,,,False,True
1394,1395,2014-11-23,79,1.48,116.92,6,11,2014,False,,,False,True
1395,1396,2014-11-24,64,1.48,94.72,0,11,2014,False,,,False,False
1396,1397,2014-11-25,89,1.48,131.72,1,11,2014,False,,,False,False
1397,1398,2014-11-26,187,1.48,276.76,2,11,2014,False,,,False,False
1398,1399,2014-11-27,100,1.48,148.0,3,11,2014,False,Thanksgiving,National,True,False
1399,1400,2014-11-28,65,1.48,96.2,4,11,2014,False,,,False,False
1400,1401,2014-11-29,114,1.48,168.72,5,11,2014,False,,,False,True
1401,1402,2014-11-30,198,1.48,293.04,6,11,2014,False,,,False,True
1402,1403,2014-12-01,0,1.48,0.0,0,12,2014,True,,,False,False
1403,1404,2014-12-02,0,1.48,0.0,1,12,2014,True,,,False,False
1404,1405,2014-12-03,0,1.48,0.0,2,12,2014,True,,,False,False
1405,1406,2014-12-04,0,1.48,0.0,3,12,2014,True,,,False,False
1406,1407,2014-12-05,0,1.48,0.0,4,12,2014,True,,,False,False
1407,1408,2014-12-06,0,1.48,0.0,5,12,2014,True,,,False,True
1408,1409,2014-12-07,0,1.48,0.0,6,12,2014,True,,,False,True
1409,1410,2014-12-08,0,1.48,0.0,0,12,2014,True,,,False,False
1410,1411,2014-12-09,0,1.48,0.0,1,12,2014,True,,,False,False
1411,1412,2014-12-10,0,1.48,0.0,2,12,2014,True,,,False,False
1412,1413,2014-12-11,0,1.48,0.0,3,12,2014,False,,,False,False
1413,1414,2014-12-12,0,1.48,0.0,4,12,2014,False,,,False,False
1414,1415,2014-12-13,0,1.48,0.0,5,12,2014,False,,,False,True
1415,1416,2014-12-14,0,1.48,0.0,6,12,2014,False,,,False,True
1416,1417,2014-12-15,0,1.48,0.0,0,12,2014,False,,,False,False
1417,1418,2014-12-16,0,1.48,0.0,1,12,2014,False,,,False,False
1418,1419,2014-12-17,0,1.48,0.0,2,12,2014,False,,,False,False
1419,1420,2014-12-18,0,1.48,0.0,3,12,2014,False,,,False,False
1420,1421,2014-12-19,0,1.48,0.0,4,12,2014,False,,,False,False
1421,1422,2014-12-20,0,1.48,0.0,5,12,2014,False,,,False,True
1422,1423,2014-12-21,0,1.48,0.0,6,12,2014,False,,,False,True
1423,1424,2014-12-22,0,1.48,0.0,0,12,2014,False,,,False,False
1424,1425,2014-12-23,0,1.48,0.0,1,12,2014,False,,,False,False
1425,1426,2014-12-24,0,1.48,0.0,2,12,2014,False,Chanukah End,Religious,True,False
1426,1427,2014-12-25,0,1.48,0.0,3,12,2014,False,Christmas,National,True,False
1427,1428,2014-12-26,0,1.48,0.0,4,12,2014,False,,,False,False
1428,1429,2014-12-27,0,1.48,0.0,5,12,2014,False,,,False,True
1429,1430,2014-12-28,0,1.48,0.0,6,12,2014,False,,,False,True
1430,1431,2014-12-29,0,1.48,0.0,0,12,2014,False,,,False,False
1431,1432,2014-12-30,0,1.48,0.0,1,12,2014,False,,,False,False
1432,1433,2014-12-31,0,1.48,0.0,2,12,2014,False,,,False,False
1433,1434,2015-01-01,0,1.48,0.0,3,1,2015,True,NewYear,National,True,False
1434,1435,2015-01-02,0,1.48,0.0,4,1,2015,True,,,False,False
1435,1436,2015-01-03,0,1.48,0.0,5,1,2015,True,,,False,True
1436,1437,2015-01-04,114,1.48,168.72,6,1,2015,True,,,False,True
1437,1438,2015-01-05,53,1.48,78.44,0,1,2015,True,,,False,False
1438,1439,2015-01-06,63,1.48,93.24,1,1,2015,True,,,False,False
1439,1440,2015-01-07,55,1.48,81.4,2,1,2015,True,OrthodoxChristmas,Religious,True,False
1440,1441,2015-01-08,53,1.48,78.44,3,1,2015,True,,,False,False
1441,1442,2015-01-09,77,1.48,113.96,4,1,2015,True,,,False,False
1442,1443,2015-01-10,134,1.48,198.32,5,1,2015,True,,,False,True
1443,1444,2015-01-11,70,1.48,103.6,6,1,2015,False,,,False,True
1444,1445,2015-01-12,51,1.48,75.48,0,1,2015,False,,,False,False
1445,1446,2015-01-13,39,1.48,57.72,1,1,2015,False,,,False,False
1446,1447,2015-01-14,60,1.48,88.8,2,1,2015,False,,,False,False
1447,1448,2015-01-15,77,1.48,113.96,3,1,2015,False,,,False,False
1448,1449,2015-01-16,73,1.48,108.03999999999999,4,1,2015,False,,,False,False
1449,1450,2015-01-17,104,1.48,153.92,5,1,2015,False,,,False,True
1450,1451,2015-01-18,107,1.48,158.35999999999999,6,1,2015,False,,,False,True
1451,1452,2015-01-19,68,1.48,100.64,0,1,2015,False,MartinLutherKingDay,National,True,False
1452,1453,2015-01-20,68,1.48,100.64,1,1,2015,False,,,False,False
1453,1454,2015-01-21,44,1.48,65.12,2,1,2015,False,,,False,False
1454,1455,2015-01-22,45,1.48,66.6,3,1,2015,False,,,False,False
1455,1456,2015-01-23,90,1.48,133.2,4,1,2015,False,,,False,False
1456,1457,2015-01-24,132,1.48,195.35999999999999,5,1,2015,False,,,False,True
1457,1458,2015-01-25,103,1.48,152.44,6,1,2015,False,,,False,True
1458,1459,2015-01-26,79,1.48,116.92,0,1,2015,False,,,False,False
1459,1460,2015-01-27,58,1.48,85.84,1,1,2015,False,,,False,False
1460,1461,2015-01-28,57,1.48,84.36,2,1,2015,False,,,False,False
1461,1462,2015-01-29,81,1.48,119.88,3,1,2015,False,,,False,False
1462,1463,2015-01-30,90,1.48,133.2,4,1,2015,False,,,False,False
1463,1464,2015-01-31,186,1.48,275.28,5,1,2015,False,,,False,True
1464,1465,2015-02-01,143,1.48,211.64,6,2,2015,True,SuperBowl,Sporting,True,True
1465,1466,2015-02-02,65,1.48,96.2,0,2,2015,True,,,False,False
1466,1467,2015-02-03,44,1.48,65.12,1,2,2015,True,,,False,False
1467,1468,2015-02-04,65,1.48,96.2,2,2,2015,True,,,False,False
1468,1469,2015-02-05,62,1.48,91.76,3,2,2015,True,,,False,False
1469,1470,2015-02-06,105,1.48,155.4,4,2,2015,True,,,False,False
1470,1471,2015-02-07,132,1.48,195.35999999999999,5,2,2015,True,,,False,True
1471,1472,2015-02-08,100,1.48,148.0,6,2,2015,True,,,False,True
1472,1473,2015-02-09,82,1.48,121.36,0,2,2015,True,,,False,False
1473,1474,2015-02-10,76,1.48,112.48,1,2,2015,True,,,False,False
1474,1475,2015-02-11,164,1.48,242.72,2,2,2015,False,,,False,False
1475,1476,2015-02-12,0,1.48,0.0,3,2,2015,False,,,False,False
1476,1477,2015-02-13,0,1.48,0.0,4,2,2015,False,,,False,False
1477,1478,2015-02-14,0,1.48,0.0,5,2,2015,False,ValentinesDay,Cultural,True,True
1478,1479,2015-02-15,0,1.48,0.0,6,2,2015,False,,,False,True
1479,1480,2015-02-16,0,1.48,0.0,0,2,2015,False,PresidentsDay,National,True,False
1480,1481,2015-02-17,0,1.48,0.0,1,2,2015,False,,,False,False
1481,1482,2015-02-18,0,1.48,0.0,2,2,2015,False,LentStart,Religious,True,False
1482,1483,2015-02-19,0,1.48,0.0,3,2,2015,False,,,False,False
1483,1484,2015-02-20,0,1.48,0.0,4,2,2015,False,,,False,False
1484,1485,2015-02-21,0,1.48,0.0,5,2,2015,False,,,False,True
1485,1486,2015-02-22,0,1.48,0.0,6,2,2015,False,,,False,True
1486,1487,2015-02-23,0,1.48,0.0,0,2,2015,False,,,False,False
1487,1488,2015-02-24,0,1.48,0.0,1,2,2015,False,,,False,False
1488,1489,2015-02-25,0,1.48,0.0,2,2,2015,False,LentWeek2,Religious,True,False
1489,1490,2015-02-26,0,1.48,0.0,3,2,2015,False,,,False,False
1490,1491,2015-02-27,0,1.48,0.0,4,2,2015,False,,,False,False
1491,1492,2015-02-28,0,1.48,0.0,5,2,2015,False,,,False,True
1492,1493,2015-03-01,0,1.48,0.0,6,3,2015,True,,,False,True
1493,1494,2015-03-02,0,1.48,0.0,0,3,2015,True,,,False,False
1494,1495,2015-03-03,0,1.48,0.0,1,3,2015,True,,,False,False
1495,1496,2015-03-04,0,1.48,0.0,2,3,2015,True,,,False,False
1496,1497,2015-03-05,0,1.48,0.0,3,3,2015,True,Purim End,Religious,True,False
1497,1498,2015-03-06,0,1.48,0.0,4,3,2015,True,,,False,False
1498,1499,2015-03-07,0,1.48,0.0,5,3,2015,True,,,False,True
1499,1500,2015-03-08,0,1.48,0.0,6,3,2015,True,,,False,True
1500,1501,2015-03-09,0,1.48,0.0,0,3,2015,True,,,False,False
1501,1502,2015-03-10,0,1.48,0.0,1,3,2015,True,,,False,False
1502,1503,2015-03-11,0,1.48,0.0,2,3,2015,False,,,False,False
1503,1504,2015-03-12,73,1.48,108.03999999999999,3,3,2015,False,,,False,False
1504,1505,2015-03-13,61,1.48,90.28,4,3,2015,False,,,False,False
1505,1506,2015-03-14,97,1.48,143.56,5,3,2015,False,,,False,True
1506,1507,2015-03-15,85,1.48,125.8,6,3,2015,False,,,False,True
1507,1508,2015-03-16,55,1.48,81.4,0,3,2015,False,,,False,False
1508,1509,2015-03-17,50,1.48,74.0,1,3,2015,False,StPatricksDay,Cultural,True,False
1509,1510,2015-03-18,27,1.48,39.96,2,3,2015,False,,,False,False
1510,1511,2015-03-19,55,1.48,81.4,3,3,2015,False,,,False,False
1511,1512,2015-03-20,95,1.48,140.6,4,3,2015,False,,,False,False
1512,1513,2015-03-21,113,1.48,167.24,5,3,2015,False,,,False,True
1513,1514,2015-03-22,81,1.48,119.88,6,3,2015,False,,,False,True
1514,1515,2015-03-23,38,1.48,56.24,0,3,2015,False,,,False,False
1515,1516,2015-03-24,34,1.48,50.32,1,3,2015,False,,,False,False
1516,1517,2015-03-25,37,1.48,54.76,2,3,2015,False,,,False,False
1517,1518,2015-03-26,33,1.48,48.839999999999996,3,3,2015,False,,,False,False
1518,1519,2015-03-27,62,1.48,91.76,4,3,2015,False,,,False,False
1519,1520,2015-03-28,96,1.48,142.07999999999998,5,3,2015,False,,,False,True
1520,1521,2015-03-29,72,1.48,106.56,6,3,2015,False,,,False,True
1521,1522,2015-03-30,45,1.48,66.6,0,3,2015,False,,,False,False
1522,1523,2015-03-31,29,1.48,42.92,1,3,2015,False,,,False,False
1523,1524,2015-04-01,40,1.48,59.2,2,4,2015,True,,,False,False
1524,1525,2015-04-02,28,1.48,41.44,3,4,2015,True,,,False,False
1525,1526,2015-04-03,94,1.48,139.12,4,4,2015,True,,,False,False
1526,1527,2015-04-04,123,1.48,182.04,5,4,2015,True,,,False,True
1527,1528,2015-04-05,65,1.48,96.2,6,4,2015,True,Easter,Cultural,True,True
1528,1529,2015-04-06,96,1.48,142.07999999999998,0,4,2015,True,,,False,False
1529,1530,2015-04-07,41,1.48,60.68,1,4,2015,True,,,False,False
1530,1531,2015-04-08,74,1.48,109.52,2,4,2015,True,,,False,False
1531,1532,2015-04-09,68,1.48,100.64,3,4,2015,True,,,False,False
1532,1533,2015-04-10,62,1.48,91.76,4,4,2015,True,,,False,False
1533,1534,2015-04-11,95,1.48,140.6,5,4,2015,False,Pesach End,Religious,True,True
1534,1535,2015-04-12,74,1.48,109.52,6,4,2015,False,OrthodoxEaster,Religious,True,True
1535,1536,2015-04-13,37,1.48,54.76,0,4,2015,False,,,False,False
1536,1537,2015-04-14,42,1.48,62.16,1,4,2015,False,,,False,False
1537,1538,2015-04-15,27,1.48,39.96,2,4,2015,False,,,False,False
1538,1539,2015-04-16,82,1.48,121.36,3,4,2015,False,,,False,False
1539,1540,2015-04-17,57,1.48,84.36,4,4,2015,False,,,False,False
1540,1541,2015-04-18,102,1.48,150.96,5,4,2015,False,,,False,True
1541,1542,2015-04-19,99,1.48,146.52,6,4,2015,False,,,False,True
1542,1543,2015-04-20,34,1.48,50.32,0,4,2015,False,,,False,False
1543,1544,2015-04-21,41,1.48,60.68,1,4,2015,False,,,False,False
1544,1545,2015-04-22,52,1.48,76.96,2,4,2015,False,,,False,False
1545,1546,2015-04-23,59,1.48,87.32,3,4,2015,False,,,False,False
1546,1547,2015-04-24,86,1.48,127.28,4,4,2015,False,,,False,False
1547,1548,2015-04-25,91,1.48,134.68,5,4,2015,False,,,False,True
1548,1549,2015-04-26,66,1.48,97.67999999999999,6,4,2015,False,,,False,True
1549,1550,2015-04-27,58,1.48,85.84,0,4,2015,False,,,False,False
1550,1551,2015-04-28,30,1.48,44.4,1,4,2015,False,,,False,False
1551,1552,2015-04-29,64,1.48,94.72,2,4,2015,False,,,False,False
1552,1553,2015-04-30,55,1.48,81.4,3,4,2015,False,,,False,False
1553,1554,2015-05-01,108,1.48,159.84,4,5,2015,True,,,False,False
1554,1555,2015-05-02,133,1.48,196.84,5,5,2015,True,,,False,True
1555,1556,2015-05-03,79,1.48,116.92,6,5,2015,True,,,False,True
1556,1557,2015-05-04,48,1.48,71.03999999999999,0,5,2015,True,,,False,False
1557,1558,2015-05-05,52,1.48,76.96,1,5,2015,True,Cinco De Mayo,Cultural,True,False
1558,1559,2015-05-06,54,1.48,79.92,2,5,2015,True,,,False,False
1559,1560,2015-05-07,87,1.48,128.76,3,5,2015,True,,,False,False
1560,1561,2015-05-08,134,1.48,198.32,4,5,2015,True,,,False,False
1561,1562,2015-05-09,157,1.48,232.35999999999999,5,5,2015,True,,,False,True
1562,1563,2015-05-10,116,1.48,171.68,6,5,2015,True,Mother's day,Cultural,True,True
1563,1564,2015-05-11,52,1.48,76.96,0,5,2015,False,,,False,False
1564,1565,2015-05-12,43,1.48,63.64,1,5,2015,False,,,False,False
1565,1566,2015-05-13,74,1.48,109.52,2,5,2015,False,,,False,False
1566,1567,2015-05-14,0,1.48,0.0,3,5,2015,False,,,False,False
1567,1568,2015-05-15,0,1.48,0.0,4,5,2015,False,,,False,False
1568,1569,2015-05-16,0,1.48,0.0,5,5,2015,False,,,False,True
1569,1570,2015-05-17,0,1.48,0.0,6,5,2015,False,,,False,True
1570,1571,2015-05-18,0,1.48,0.0,0,5,2015,False,,,False,False
1571,1572,2015-05-19,0,1.48,0.0,1,5,2015,False,,,False,False
1572,1573,2015-05-20,0,1.48,0.0,2,5,2015,False,,,False,False
1573,1574,2015-05-21,0,1.48,0.0,3,5,2015,False,,,False,False
1574,1575,2015-05-22,0,1.48,0.0,4,5,2015,False,,,False,False
1575,1576,2015-05-23,0,1.48,0.0,5,5,2015,False,,,False,True
1576,1577,2015-05-24,0,1.48,0.0,6,5,2015,False,,,False,True
1577,1578,2015-05-25,0,1.48,0.0,0,5,2015,False,MemorialDay,National,True,False
1578,1579,2015-05-26,0,1.48,0.0,1,5,2015,False,,,False,False
1579,1580,2015-05-27,0,1.48,0.0,2,5,2015,False,,,False,False
1580,1581,2015-05-28,0,1.48,0.0,3,5,2015,False,,,False,False
1581,1582,2015-05-29,0,1.48,0.0,4,5,2015,False,,,False,False
1582,1583,2015-05-30,0,1.48,0.0,5,5,2015,False,,,False,True
1583,1584,2015-05-31,0,1.48,0.0,6,5,2015,False,,,False,True
1584,1585,2015-06-01,0,1.48,0.0,0,6,2015,True,,,False,False
1585,1586,2015-06-02,0,1.48,0.0,1,6,2015,True,,,False,False
1586,1587,2015-06-03,0,1.48,0.0,2,6,2015,True,,,False,False
1587,1588,2015-06-04,0,1.48,0.0,3,6,2015,True,NBAFinalsStart,Sporting,True,False
1588,1589,2015-06-05,0,1.48,0.0,4,6,2015,True,,,False,False
1589,1590,2015-06-06,0,1.48,0.0,5,6,2015,True,,,False,True
1590,1591,2015-06-07,0,1.48,0.0,6,6,2015,True,,,False,True
1591,1592,2015-06-08,0,1.48,0.0,0,6,2015,True,,,False,False
1592,1593,2015-06-09,0,1.48,0.0,1,6,2015,True,,,False,False
1593,1594,2015-06-10,0,1.48,0.0,2,6,2015,True,,,False,False
1594,1595,2015-06-11,0,1.48,0.0,3,6,2015,False,,,False,False
1595,1596,2015-06-12,0,1.48,0.0,4,6,2015,False,,,False,False
1596,1597,2015-06-13,0,1.48,0.0,5,6,2015,False,,,False,True
1597,1598,2015-06-14,88,1.48,130.24,6,6,2015,False,,,False,True
1598,1599,2015-06-15,50,1.48,74.0,0,6,2015,False,,,False,False
1599,1600,2015-06-16,39,1.48,57.72,1,6,2015,False,NBAFinalsEnd,Sporting,True,False
1600,1601,2015-06-17,37,1.48,54.76,2,6,2015,False,,,False,False
1601,1602,2015-06-18,63,1.48,93.24,3,6,2015,False,Ramadan starts,Religious,True,False
1602,1603,2015-06-19,52,1.48,76.96,4,6,2015,False,,,False,False
1603,1604,2015-06-20,99,1.48,146.52,5,6,2015,False,,,False,True
1604,1605,2015-06-21,124,1.48,183.52,6,6,2015,False,Father's day,Cultural,True,True
1605,1606,2015-06-22,69,1.48,102.12,0,6,2015,False,,,False,False
1606,1607,2015-06-23,71,1.48,105.08,1,6,2015,False,,,False,False
1607,1608,2015-06-24,73,1.48,108.03999999999999,2,6,2015,False,,,False,False
1608,1609,2015-06-25,45,1.48,66.6,3,6,2015,False,,,False,False
1609,1610,2015-06-26,92,1.48,136.16,4,6,2015,False,,,False,False
1610,1611,2015-06-27,72,1.48,106.56,5,6,2015,False,,,False,True
1611,1612,2015-06-28,79,1.48,116.92,6,6,2015,False,,,False,True
1612,1613,2015-06-29,43,1.48,63.64,0,6,2015,False,,,False,False
1613,1614,2015-06-30,38,1.48,56.24,1,6,2015,False,,,False,False
1614,1615,2015-07-01,81,1.48,119.88,2,7,2015,True,,,False,False
1615,1616,2015-07-02,63,1.48,93.24,3,7,2015,True,,,False,False
1616,1617,2015-07-03,130,1.48,192.4,4,7,2015,True,,,False,False
1617,1618,2015-07-04,106,1.48,156.88,5,7,2015,True,IndependenceDay,National,True,True
1618,1619,2015-07-05,63,1.48,93.24,6,7,2015,True,,,False,True
1619,1620,2015-07-06,82,1.48,121.36,0,7,2015,True,,,False,False
1620,1621,2015-07-07,39,1.48,57.72,1,7,2015,True,,,False,False
1621,1622,2015-07-08,51,1.48,75.48,2,7,2015,True,,,False,False
1622,1623,2015-07-09,48,1.48,71.03999999999999,3,7,2015,True,,,False,False
1623,1624,2015-07-10,120,1.48,177.6,4,7,2015,True,,,False,False
1624,1625,2015-07-11,67,1.48,99.16,5,7,2015,False,,,False,True
1625,1626,2015-07-12,70,1.48,103.6,6,7,2015,False,,,False,True
1626,1627,2015-07-13,45,1.48,66.6,0,7,2015,False,,,False,False
1627,1628,2015-07-14,47,1.48,69.56,1,7,2015,False,,,False,False
1628,1629,2015-07-15,39,1.48,57.72,2,7,2015,False,,,False,False
1629,1630,2015-07-16,62,1.48,91.76,3,7,2015,False,,,False,False
1630,1631,2015-07-17,91,1.48,134.68,4,7,2015,False,,,False,False
1631,1632,2015-07-18,109,1.48,161.32,5,7,2015,False,Eid al-Fitr,Religious,True,True
1632,1633,2015-07-19,71,1.48,105.08,6,7,2015,False,,,False,True
1633,1634,2015-07-20,138,1.48,204.24,0,7,2015,False,,,False,False
1634,1635,2015-07-21,41,1.48,60.68,1,7,2015,False,,,False,False
1635,1636,2015-07-22,58,1.48,85.84,2,7,2015,False,,,False,False
1636,1637,2015-07-23,54,1.48,79.92,3,7,2015,False,,,False,False
1637,1638,2015-07-24,62,1.48,91.76,4,7,2015,False,,,False,False
1638,1639,2015-07-25,75,1.48,111.0,5,7,2015,False,,,False,True
1639,1640,2015-07-26,101,1.48,149.48,6,7,2015,False,,,False,True
1640,1641,2015-07-27,68,1.48,100.64,0,7,2015,False,,,False,False
1641,1642,2015-07-28,59,1.48,87.32,1,7,2015,False,,,False,False
1642,1643,2015-07-29,35,1.48,51.8,2,7,2015,False,,,False,False
1643,1644,2015-07-30,55,1.48,81.4,3,7,2015,False,,,False,False
1644,1645,2015-07-31,77,1.48,113.96,4,7,2015,False,,,False,False
1645,1646,2015-08-01,82,1.48,121.36,5,8,2015,True,,,False,True
1646,1647,2015-08-02,78,1.48,115.44,6,8,2015,True,,,False,True
1647,1648,2015-08-03,59,1.48,87.32,0,8,2015,True,,,False,False
1648,1649,2015-08-04,39,1.48,57.72,1,8,2015,True,,,False,False
1649,1650,2015-08-05,54,1.48,79.92,2,8,2015,True,,,False,False
1650,1651,2015-08-06,42,1.48,62.16,3,8,2015,True,,,False,False
1651,1652,2015-08-07,79,1.48,116.92,4,8,2015,True,,,False,False
1652,1653,2015-08-08,117,1.48,173.16,5,8,2015,True,,,False,True
1653,1654,2015-08-09,62,1.48,91.76,6,8,2015,True,,,False,True
1654,1655,2015-08-10,56,1.48,82.88,0,8,2015,True,,,False,False
1655,1656,2015-08-11,60,1.48,88.8,1,8,2015,False,,,False,False
1656,1657,2015-08-12,37,1.48,54.76,2,8,2015,False,,,False,False
1657,1658,2015-08-13,29,1.48,42.92,3,8,2015,False,,,False,False
1658,1659,2015-08-14,45,1.48,66.6,4,8,2015,False,,,False,False
1659,1660,2015-08-15,49,1.48,72.52,5,8,2015,False,,,False,True
1660,1661,2015-08-16,61,1.48,90.28,6,8,2015,False,,,False,True
1661,1662,2015-08-17,38,1.48,56.24,0,8,2015,False,,,False,False
1662,1663,2015-08-18,42,1.48,62.16,1,8,2015,False,,,False,False
1663,1664,2015-08-19,34,1.48,50.32,2,8,2015,False,,,False,False
1664,1665,2015-08-20,51,1.48,75.48,3,8,2015,False,,,False,False
1665,1666,2015-08-21,110,1.48,162.8,4,8,2015,False,,,False,False
1666,1667,2015-08-22,54,1.48,79.92,5,8,2015,False,,,False,True
1667,1668,2015-08-23,83,1.48,122.84,6,8,2015,False,,,False,True
1668,1669,2015-08-24,58,1.48,85.84,0,8,2015,False,,,False,False
1669,1670,2015-08-25,41,1.48,60.68,1,8,2015,False,,,False,False
1670,1671,2015-08-26,56,1.48,82.88,2,8,2015,False,,,False,False
1671,1672,2015-08-27,36,1.48,53.28,3,8,2015,False,,,False,False
1672,1673,2015-08-28,58,1.48,85.84,4,8,2015,False,,,False,False
1673,1674,2015-08-29,84,1.48,124.32,5,8,2015,False,,,False,True
1674,1675,2015-08-30,62,1.48,91.76,6,8,2015,False,,,False,True
1675,1676,2015-08-31,63,1.48,93.24,0,8,2015,False,,,False,False
1676,1677,2015-09-01,34,1.48,50.32,1,9,2015,True,,,False,False
1677,1678,2015-09-02,54,1.48,79.92,2,9,2015,True,,,False,False
1678,1679,2015-09-03,58,1.48,85.84,3,9,2015,True,,,False,False
1679,1680,2015-09-04,94,1.48,139.12,4,9,2015,True,,,False,False
1680,1681,2015-09-05,89,1.48,131.72,5,9,2015,True,,,False,True
1681,1682,2015-09-06,83,1.48,122.84,6,9,2015,True,,,False,True
1682,1683,2015-09-07,71,1.48,105.08,0,9,2015,True,LaborDay,National,True,False
1683,1684,2015-09-08,57,1.48,84.36,1,9,2015,True,,,False,False
1684,1685,2015-09-09,38,1.48,56.24,2,9,2015,True,,,False,False
1685,1686,2015-09-10,58,1.48,85.84,3,9,2015,True,,,False,False
1686,1687,2015-09-11,61,1.48,90.28,4,9,2015,False,,,False,False
1687,1688,2015-09-12,93,1.48,137.64,5,9,2015,False,,,False,True
1688,1689,2015-09-13,69,1.48,102.12,6,9,2015,False,,,False,True
1689,1690,2015-09-14,43,1.48,63.64,0,9,2015,False,,,False,False
1690,1691,2015-09-15,68,1.48,100.64,1,9,2015,False,,,False,False
1691,1692,2015-09-16,48,1.48,71.03999999999999,2,9,2015,False,,,False,False
1692,1693,2015-09-17,49,1.48,72.52,3,9,2015,False,,,False,False
1693,1694,2015-09-18,74,1.48,109.52,4,9,2015,False,,,False,False
1694,1695,2015-09-19,74,1.48,109.52,5,9,2015,False,,,False,True
1695,1696,2015-09-20,96,1.48,142.07999999999998,6,9,2015,False,,,False,True
1696,1697,2015-09-21,53,1.48,78.44,0,9,2015,False,,,False,False
1697,1698,2015-09-22,29,1.48,42.92,1,9,2015,False,,,False,False
1698,1699,2015-09-23,59,1.48,87.32,2,9,2015,False,,,False,False
1699,1700,2015-09-24,7,1.48,10.36,3,9,2015,False,EidAlAdha,Religious,True,False
1700,1701,2015-09-25,57,1.48,84.36,4,9,2015,False,,,False,False
1701,1702,2015-09-26,51,1.48,75.48,5,9,2015,False,,,False,True
1702,1703,2015-09-27,74,1.48,109.52,6,9,2015,False,,,False,True
1703,1704,2015-09-28,55,1.48,81.4,0,9,2015,False,,,False,False
1704,1705,2015-09-29,33,1.48,48.839999999999996,1,9,2015,False,,,False,False
1705,1706,2015-09-30,44,1.48,65.12,2,9,2015,False,,,False,False
1706,1707,2015-10-01,48,1.48,71.03999999999999,3,10,2015,True,,,False,False
1707,1708,2015-10-02,61,1.48,90.28,4,10,2015,True,,,False,False
1708,1709,2015-10-03,100,1.48,148.0,5,10,2015,True,,,False,True
1709,1710,2015-10-04,65,1.48,96.2,6,10,2015,True,,,False,True
1710,1711,2015-10-05,37,1.48,54.76,0,10,2015,True,,,False,False
1711,1712,2015-10-06,70,1.48,103.6,1,10,2015,True,,,False,False
1712,1713,2015-10-07,45,1.48,66.6,2,10,2015,True,,,False,False
1713,1714,2015-10-08,68,1.48,100.64,3,10,2015,True,,,False,False
1714,1715,2015-10-09,65,1.48,96.2,4,10,2015,True,,,False,False
1715,1716,2015-10-10,60,1.48,88.8,5,10,2015,True,,,False,True
1716,1717,2015-10-11,107,1.48,158.35999999999999,6,10,2015,False,,,False,True
1717,1718,2015-10-12,76,1.48,112.48,0,10,2015,False,ColumbusDay,National,True,False
1718,1719,2015-10-13,39,1.48,57.72,1,10,2015,False,,,False,False
1719,1720,2015-10-14,35,1.48,51.8,2,10,2015,False,,,False,False
1720,1721,2015-10-15,25,1.48,37.0,3,10,2015,False,,,False,False
1721,1722,2015-10-16,0,1.48,0.0,4,10,2015,False,,,False,False
1722,1723,2015-10-17,69,1.5,103.5,5,10,2015,False,,,False,True
1723,1724,2015-10-18,101,1.5,151.5,6,10,2015,False,,,False,True
1724,1725,2015-10-19,39,1.5,58.5,0,10,2015,False,,,False,False
1725,1726,2015-10-20,55,1.5,82.5,1,10,2015,False,,,False,False
1726,1727,2015-10-21,40,1.5,60.0,2,10,2015,False,,,False,False
1727,1728,2015-10-22,64,1.5,96.0,3,10,2015,False,,,False,False
1728,1729,2015-10-23,69,1.5,103.5,4,10,2015,False,,,False,False
1729,1730,2015-10-24,121,1.5,181.5,5,10,2015,False,,,False,True
1730,1731,2015-10-25,72,1.5,108.0,6,10,2015,False,,,False,True
1731,1732,2015-10-26,40,1.5,60.0,0,10,2015,False,,,False,False
1732,1733,2015-10-27,43,1.5,64.5,1,10,2015,False,,,False,False
1733,1734,2015-10-28,40,1.5,60.0,2,10,2015,False,,,False,False
1734,1735,2015-10-29,58,1.5,87.0,3,10,2015,False,,,False,False
1735,1736,2015-10-30,77,1.5,115.5,4,10,2015,False,,,False,False
1736,1737,2015-10-31,101,1.5,151.5,5,10,2015,False,Halloween,Cultural,True,True
1737,1738,2015-11-01,58,1.5,87.0,6,11,2015,True,,,False,True
1738,1739,2015-11-02,58,1.5,87.0,0,11,2015,True,,,False,False
1739,1740,2015-11-03,34,1.5,51.0,1,11,2015,True,,,False,False
1740,1741,2015-11-04,47,1.5,70.5,2,11,2015,True,,,False,False
1741,1742,2015-11-05,44,1.5,66.0,3,11,2015,True,,,False,False
1742,1743,2015-11-06,95,1.5,142.5,4,11,2015,True,,,False,False
1743,1744,2015-11-07,101,1.5,151.5,5,11,2015,True,,,False,True
1744,1745,2015-11-08,49,1.5,73.5,6,11,2015,True,,,False,True
1745,1746,2015-11-09,35,1.5,52.5,0,11,2015,True,,,False,False
1746,1747,2015-11-10,50,1.5,75.0,1,11,2015,True,,,False,False
1747,1748,2015-11-11,66,1.5,99.0,2,11,2015,False,VeteransDay,National,True,False
1748,1749,2015-11-12,37,1.5,55.5,3,11,2015,False,,,False,False
1749,1750,2015-11-13,64,1.5,96.0,4,11,2015,False,,,False,False
1750,1751,2015-11-14,67,1.5,100.5,5,11,2015,False,,,False,True
1751,1752,2015-11-15,54,1.5,81.0,6,11,2015,False,,,False,True
1752,1753,2015-11-16,45,1.5,67.5,0,11,2015,False,,,False,False
1753,1754,2015-11-17,36,1.5,54.0,1,11,2015,False,,,False,False
1754,1755,2015-11-18,30,1.5,45.0,2,11,2015,False,,,False,False
1755,1756,2015-11-19,28,1.5,42.0,3,11,2015,False,,,False,False
1756,1757,2015-11-20,48,1.5,72.0,4,11,2015,False,,,False,False
1757,1758,2015-11-21,77,1.5,115.5,5,11,2015,False,,,False,True
1758,1759,2015-11-22,85,1.5,127.5,6,11,2015,False,,,False,True
1759,1760,2015-11-23,89,1.5,133.5,0,11,2015,False,,,False,False
1760,1761,2015-11-24,107,1.5,160.5,1,11,2015,False,,,False,False
1761,1762,2015-11-25,260,1.5,390.0,2,11,2015,False,,,False,False
1762,1763,2015-11-26,166,1.5,249.0,3,11,2015,False,Thanksgiving,National,True,False
1763,1764,2015-11-27,49,1.5,73.5,4,11,2015,False,,,False,False
1764,1765,2015-11-28,38,1.5,57.0,5,11,2015,False,,,False,True
1765,1766,2015-11-29,35,1.5,52.5,6,11,2015,False,,,False,True
1766,1767,2015-11-30,37,1.5,55.5,0,11,2015,False,,,False,False
1767,1768,2015-12-01,36,1.5,54.0,1,12,2015,True,,,False,False
1768,1769,2015-12-02,47,1.5,70.5,2,12,2015,True,,,False,False
1769,1770,2015-12-03,1,1.5,1.5,3,12,2015,True,,,False,False
1770,1771,2015-12-04,0,1.5,0.0,4,12,2015,True,,,False,False
1771,1772,2015-12-05,0,1.5,0.0,5,12,2015,True,,,False,True
1772,1773,2015-12-06,0,1.5,0.0,6,12,2015,True,,,False,True
1773,1774,2015-12-07,0,1.5,0.0,0,12,2015,True,,,False,False
1774,1775,2015-12-08,0,1.5,0.0,1,12,2015,True,,,False,False
1775,1776,2015-12-09,0,1.5,0.0,2,12,2015,True,,,False,False
1776,1777,2015-12-10,0,1.5,0.0,3,12,2015,True,,,False,False
1777,1778,2015-12-11,0,1.5,0.0,4,12,2015,False,,,False,False
1778,1779,2015-12-12,0,1.5,0.0,5,12,2015,False,,,False,True
1779,1780,2015-12-13,0,1.5,0.0,6,12,2015,False,,,False,True
1780,1781,2015-12-14,0,1.5,0.0,0,12,2015,False,Chanukah End,Religious,True,False
1781,1782,2015-12-15,0,1.5,0.0,1,12,2015,False,,,False,False
1782,1783,2015-12-16,0,1.5,0.0,2,12,2015,False,,,False,False
1783,1784,2015-12-17,0,1.5,0.0,3,12,2015,False,,,False,False
1784,1785,2015-12-18,0,1.5,0.0,4,12,2015,False,,,False,False
1785,1786,2015-12-19,0,1.5,0.0,5,12,2015,False,,,False,True
1786,1787,2015-12-20,0,1.5,0.0,6,12,2015,False,,,False,True
1787,1788,2015-12-21,0,1.5,0.0,0,12,2015,False,,,False,False
1788,1789,2015-12-22,0,1.5,0.0,1,12,2015,False,,,False,False
1789,1790,2015-12-23,0,1.5,0.0,2,12,2015,False,,,False,False
1790,1791,2015-12-24,0,1.5,0.0,3,12,2015,False,,,False,False
1791,1792,2015-12-25,0,1.5,0.0,4,12,2015,False,Christmas,National,True,False
1792,1793,2015-12-26,0,1.5,0.0,5,12,2015,False,,,False,True
1793,1794,2015-12-27,0,1.5,0.0,6,12,2015,False,,,False,True
1794,1795,2015-12-28,0,1.5,0.0,0,12,2015,False,,,False,False
1795,1796,2015-12-29,0,1.5,0.0,1,12,2015,False,,,False,False
1796,1797,2015-12-30,0,1.5,0.0,2,12,2015,False,,,False,False
1797,1798,2015-12-31,0,1.5,0.0,3,12,2015,False,,,False,False
1798,1799,2016-01-01,0,1.5,0.0,4,1,2016,True,NewYear,National,True,False
1799,1800,2016-01-02,0,1.6,0.0,5,1,2016,True,,,False,True
1800,1801,2016-01-03,0,1.6,0.0,6,1,2016,True,,,False,True
1801,1802,2016-01-04,0,1.6,0.0,0,1,2016,True,,,False,False
1802,1803,2016-01-05,0,1.6,0.0,1,1,2016,True,,,False,False
1803,1804,2016-01-06,0,1.6,0.0,2,1,2016,True,,,False,False
1804,1805,2016-01-07,36,1.6,57.6,3,1,2016,True,OrthodoxChristmas,Religious,True,False
1805,1806,2016-01-08,81,1.6,129.6,4,1,2016,True,,,False,False
1806,1807,2016-01-09,88,1.6,140.8,5,1,2016,True,,,False,True
1807,1808,2016-01-10,63,1.6,100.80000000000001,6,1,2016,True,,,False,True
1808,1809,2016-01-11,41,1.6,65.60000000000001,0,1,2016,False,,,False,False
1809,1810,2016-01-12,46,1.6,73.60000000000001,1,1,2016,False,,,False,False
1810,1811,2016-01-13,31,1.6,49.6,2,1,2016,False,,,False,False
1811,1812,2016-01-14,17,1.6,27.200000000000003,3,1,2016,False,,,False,False
1812,1813,2016-01-15,85,1.6,136.0,4,1,2016,False,,,False,False
1813,1814,2016-01-16,64,1.6,102.4,5,1,2016,False,,,False,True
1814,1815,2016-01-17,73,1.6,116.80000000000001,6,1,2016,False,,,False,True
1815,1816,2016-01-18,31,1.6,49.6,0,1,2016,False,MartinLutherKingDay,National,True,False
1816,1817,2016-01-19,42,1.6,67.2,1,1,2016,False,,,False,False
1817,1818,2016-01-20,35,1.6,56.0,2,1,2016,False,,,False,False
1818,1819,2016-01-21,49,1.6,78.4,3,1,2016,False,,,False,False
1819,1820,2016-01-22,51,1.6,81.60000000000001,4,1,2016,False,,,False,False
1820,1821,2016-01-23,78,1.6,124.80000000000001,5,1,2016,False,,,False,True
1821,1822,2016-01-24,50,1.6,80.0,6,1,2016,False,,,False,True
1822,1823,2016-01-25,37,1.6,59.2,0,1,2016,False,,,False,False
1823,1824,2016-01-26,37,1.6,59.2,1,1,2016,False,,,False,False
1824,1825,2016-01-27,35,1.6,56.0,2,1,2016,False,,,False,False
1825,1826,2016-01-28,38,1.6,60.800000000000004,3,1,2016,False,,,False,False
1826,1827,2016-01-29,39,1.6,62.400000000000006,4,1,2016,False,,,False,False
1827,1828,2016-01-30,65,1.6,104.0,5,1,2016,False,,,False,True
1828,1829,2016-01-31,39,1.6,62.400000000000006,6,1,2016,False,,,False,True
1829,1830,2016-02-01,51,1.6,81.60000000000001,0,2,2016,True,,,False,False
1830,1831,2016-02-02,31,1.6,49.6,1,2,2016,True,,,False,False
1831,1832,2016-02-03,48,1.6,76.80000000000001,2,2,2016,True,,,False,False
1832,1833,2016-02-04,50,1.6,80.0,3,2,2016,True,,,False,False
1833,1834,2016-02-05,48,1.6,76.80000000000001,4,2,2016,True,,,False,False
1834,1835,2016-02-06,89,1.6,142.4,5,2,2016,True,,,False,True
1835,1836,2016-02-07,62,1.6,99.2,6,2,2016,True,SuperBowl,Sporting,True,True
1836,1837,2016-02-08,23,1.6,36.800000000000004,0,2,2016,True,,,False,False
1837,1838,2016-02-09,42,1.6,67.2,1,2,2016,True,,,False,False
1838,1839,2016-02-10,28,1.6,44.800000000000004,2,2,2016,True,LentStart,Religious,True,False
1839,1840,2016-02-11,40,1.6,64.0,3,2,2016,False,,,False,False
1840,1841,2016-02-12,37,1.6,59.2,4,2,2016,False,,,False,False
1841,1842,2016-02-13,65,1.6,104.0,5,2,2016,False,,,False,True
1842,1843,2016-02-14,47,1.6,75.2,6,2,2016,False,ValentinesDay,Cultural,True,True
1843,1844,2016-02-15,41,1.6,65.60000000000001,0,2,2016,False,PresidentsDay,National,True,False
1844,1845,2016-02-16,37,1.6,59.2,1,2,2016,False,,,False,False
1845,1846,2016-02-17,46,1.6,73.60000000000001,2,2,2016,False,LentWeek2,Religious,True,False
1846,1847,2016-02-18,32,1.6,51.2,3,2,2016,False,,,False,False
1847,1848,2016-02-19,54,1.6,86.4,4,2,2016,False,,,False,False
1848,1849,2016-02-20,74,1.6,118.4,5,2,2016,False,,,False,True
1849,1850,2016-02-21,100,1.6,160.0,6,2,2016,False,,,False,True
1850,1851,2016-02-22,43,1.6,68.8,0,2,2016,False,,,False,False
1851,1852,2016-02-23,38,1.6,60.800000000000004,1,2,2016,False,,,False,False
1852,1853,2016-02-24,26,1.6,41.6,2,2,2016,False,,,False,False
1853,1854,2016-02-25,30,1.6,48.0,3,2,2016,False,,,False,False
1854,1855,2016-02-26,69,1.6,110.4,4,2,2016,False,,,False,False
1855,1856,2016-02-27,92,1.6,147.20000000000002,5,2,2016,False,,,False,True
1856,1857,2016-02-28,61,1.6,97.60000000000001,6,2,2016,False,,,False,True
1857,1858,2016-02-29,42,1.6,67.2,0,2,2016,False,,,False,False
1858,1859,2016-03-01,41,1.6,65.60000000000001,1,3,2016,True,,,False,False
1859,1860,2016-03-02,53,1.6,84.80000000000001,2,3,2016,True,,,False,False
1860,1861,2016-03-03,46,1.6,73.60000000000001,3,3,2016,True,,,False,False
1861,1862,2016-03-04,67,1.6,107.2,4,3,2016,True,,,False,False
1862,1863,2016-03-05,69,1.6,110.4,5,3,2016,True,,,False,True
1863,1864,2016-03-06,47,1.6,75.2,6,3,2016,True,,,False,True
1864,1865,2016-03-07,90,1.6,144.0,0,3,2016,True,,,False,False
1865,1866,2016-03-08,28,1.6,44.800000000000004,1,3,2016,True,,,False,False
1866,1867,2016-03-09,30,1.6,48.0,2,3,2016,True,,,False,False
1867,1868,2016-03-10,40,1.6,64.0,3,3,2016,True,,,False,False
1868,1869,2016-03-11,63,1.6,100.80000000000001,4,3,2016,False,,,False,False
1869,1870,2016-03-12,58,1.6,92.80000000000001,5,3,2016,False,,,False,True
1870,1871,2016-03-13,56,1.6,89.60000000000001,6,3,2016,False,,,False,True
1871,1872,2016-03-14,45,1.6,72.0,0,3,2016,False,,,False,False
1872,1873,2016-03-15,30,1.6,48.0,1,3,2016,False,,,False,False
1873,1874,2016-03-16,38,1.6,60.800000000000004,2,3,2016,False,,,False,False
1874,1875,2016-03-17,42,1.6,67.2,3,3,2016,False,StPatricksDay,Cultural,True,False
1875,1876,2016-03-18,43,1.6,68.8,4,3,2016,False,,,False,False
1876,1877,2016-03-19,92,1.6,147.20000000000002,5,3,2016,False,,,False,True
1877,1878,2016-03-20,66,1.6,105.60000000000001,6,3,2016,False,,,False,True
1878,1879,2016-03-21,40,1.6,64.0,0,3,2016,False,,,False,False
1879,1880,2016-03-22,36,1.6,57.6,1,3,2016,False,,,False,False
1880,1881,2016-03-23,29,1.6,46.400000000000006,2,3,2016,False,,,False,False
1881,1882,2016-03-24,48,1.6,76.80000000000001,3,3,2016,False,Purim End,Religious,True,False
1882,1883,2016-03-25,60,1.6,96.0,4,3,2016,False,,,False,False
1883,1884,2016-03-26,102,1.6,163.20000000000002,5,3,2016,False,,,False,True
1884,1885,2016-03-27,112,1.6,179.20000000000002,6,3,2016,False,Easter,Cultural,True,True
1885,1886,2016-03-28,25,1.6,40.0,0,3,2016,False,,,False,False
1886,1887,2016-03-29,47,1.6,75.2,1,3,2016,False,,,False,False
1887,1888,2016-03-30,23,1.6,36.800000000000004,2,3,2016,False,,,False,False
1888,1889,2016-03-31,21,1.6,33.6,3,3,2016,False,,,False,False
1889,1890,2016-04-01,72,1.6,115.2,4,4,2016,True,,,False,False
1890,1891,2016-04-02,58,1.6,92.80000000000001,5,4,2016,True,,,False,True
1891,1892,2016-04-03,54,1.6,86.4,6,4,2016,True,,,False,True
1892,1893,2016-04-04,42,1.6,67.2,0,4,2016,True,,,False,False
1893,1894,2016-04-05,29,1.6,46.400000000000006,1,4,2016,True,,,False,False
1894,1895,2016-04-06,53,1.6,84.80000000000001,2,4,2016,True,,,False,False
1895,1896,2016-04-07,39,1.6,62.400000000000006,3,4,2016,True,,,False,False
1896,1897,2016-04-08,42,1.6,67.2,4,4,2016,True,,,False,False
1897,1898,2016-04-09,83,1.6,132.8,5,4,2016,True,,,False,True
1898,1899,2016-04-10,83,1.6,132.8,6,4,2016,True,,,False,True
1899,1900,2016-04-11,48,1.6,76.80000000000001,0,4,2016,False,,,False,False
1900,1901,2016-04-12,26,1.6,41.6,1,4,2016,False,,,False,False
1901,1902,2016-04-13,41,1.6,65.60000000000001,2,4,2016,False,,,False,False
1902,1903,2016-04-14,44,1.6,70.4,3,4,2016,False,,,False,False
1903,1904,2016-04-15,47,1.6,75.2,4,4,2016,False,,,False,False
1904,1905,2016-04-16,82,1.6,131.20000000000002,5,4,2016,False,,,False,True
1905,1906,2016-04-17,83,1.6,132.8,6,4,2016,False,,,False,True
1906,1907,2016-04-18,30,1.6,48.0,0,4,2016,False,,,False,False
1907,1908,2016-04-19,45,1.6,72.0,1,4,2016,False,,,False,False
1908,1909,2016-04-20,29,1.6,46.400000000000006,2,4,2016,False,,,False,False
1909,1910,2016-04-21,53,1.6,84.80000000000001,3,4,2016,False,,,False,False
1910,1911,2016-04-22,87,1.6,139.20000000000002,4,4,2016,False,,,False,False
1911,1912,2016-04-23,95,1.6,152.0,5,4,2016,False,,,False,True
1912,1913,2016-04-24,42,1.6,67.2,6,4,2016,False,,,False,True
1913,1914,2016-04-25,48,1.6,76.80000000000001,0,4,2016,False,,,False,False
1914,1915,2016-04-26,35,1.6,56.0,1,4,2016,False,,,False,False
1915,1916,2016-04-27,34,1.6,54.400000000000006,2,4,2016,False,,,False,False
1916,1917,2016-04-28,67,1.6,107.2,3,4,2016,False,,,False,False
1917,1918,2016-04-29,63,1.6,100.80000000000001,4,4,2016,False,,,False,False
1918,1919,2016-04-30,99,1.6,158.4,5,4,2016,False,Pesach End,Religious,True,True
1919,1920,2016-05-01,71,1.6,113.60000000000001,6,5,2016,True,OrthodoxEaster,Religious,True,True
1920,1921,2016-05-02,59,1.6,94.4,0,5,2016,True,,,False,False
1921,1922,2016-05-03,35,1.6,56.0,1,5,2016,True,,,False,False
1922,1923,2016-05-04,47,1.6,75.2,2,5,2016,True,,,False,False
1923,1924,2016-05-05,73,1.6,116.80000000000001,3,5,2016,True,Cinco De Mayo,Cultural,True,False
1924,1925,2016-05-06,89,1.6,142.4,4,5,2016,True,,,False,False
1925,1926,2016-05-07,104,1.6,166.4,5,5,2016,True,,,False,True
1926,1927,2016-05-08,77,1.6,123.2,6,5,2016,True,Mother's day,Cultural,True,True
1927,1928,2016-05-09,72,1.6,115.2,0,5,2016,True,,,False,False
1928,1929,2016-05-10,46,1.6,73.60000000000001,1,5,2016,True,,,False,False
1929,1930,2016-05-11,30,1.6,48.0,2,5,2016,False,,,False,False
1930,1931,2016-05-12,35,1.6,56.0,3,5,2016,False,,,False,False
1931,1932,2016-05-13,77,1.6,123.2,4,5,2016,False,,,False,False
1932,1933,2016-05-14,47,1.6,75.2,5,5,2016,False,,,False,True
1933,1934,2016-05-15,74,1.6,118.4,6,5,2016,False,,,False,True
1934,1935,2016-05-16,38,1.6,60.800000000000004,0,5,2016,False,,,False,False
1935,1936,2016-05-17,42,1.6,67.2,1,5,2016,False,,,False,False
1936,1937,2016-05-18,39,1.6,62.400000000000006,2,5,2016,False,,,False,False
1937,1938,2016-05-19,51,1.6,81.60000000000001,3,5,2016,False,,,False,False
1938,1939,2016-05-20,69,1.6,110.4,4,5,2016,False,,,False,False
1939,1940,2016-05-21,67,1.6,107.2,5,5,2016,False,,,False,True
1940,1941,2016-05-22,64,1.6,102.4,6,5,2016,False,,,False,True
